-0.5315,5.4899,-5.4971,2.5426,-14.0707,-19.6133,-0.6393,7.2472,-5.8012,-2.6001,5.1858,-8.0014,1.0175,-0.9912,-13.5248,-1.2546,3.4333,-11.4898,-0.1939,2.3703,-11.2767,-3.9648,13.2926,-7.0102,-3.7182,8.6598,-7.3789,-0.3304,8.0565,-4.5035,-0.4094,-1.6735,-19.6133,-2.4397,10.2376,-5.8395,-2.5379,3.7661,-3.9456,-0.4405,4.7142,-6.0382,-0.7829,2.9640,-6.9360,-3.6129,1.7454,-9.0022,2.2338,5.1068,-1.6975,-0.1317,6.6870,-2.7988,-2.3727,6.3686,-3.6512,-1.3910,9.1985,-4.8411,-1.6281,9.8474,-1.4653,2.3511,-0.7278,-11.2551,0.6800,1.6233,-10.8146,-0.7925,14.6501,-9.0549,-0.2179,9.2392,-2.7964,-0.3543,9.1363,-3.0239,-2.9018,-13.8600,-19.6133,0.1173,8.7436,-4.0725,-1.2402,6.1651,-6.0286,-1.3886,6.2680,-4.6567,-1.5251,2.9999,-13.8888,-2.0638,9.2416,-6.4021,-2.1117,8.2193,-6.9360,-3.9265,9.2464,2.1380,0.6393,7.8745,-3.8116,-2.0159,6.7325,-4.7262,-4.1779,6.7014,-3.7661,-0.3136,8.6383,-4.6687,0.4764,2.9521,-11.4634,1.3024,1.7909,-8.5808,-1.3767,8.2265,-4.5873,6.2225,-19.6133,-19.6133,0.0503,7.1587,0.1173,-2.4253,3.6344,-7.4603,-3.6703,8.4396,-4.8914,-0.5674,6.1004,-6.8881,-2.0518,7.3191,-2.0135,-2.9951,5.2194,-7.8530,-0.5842,4.1922,-5.3822,-0.3783,7.3765,-6.3805,-0.4621,7.0437,-4.6448,-4.7812,-6.9480,-17.3149,0.4980,4.6208,-6.2968,-3.7086,9.1051,-6.9599,-3.5817,3.5099,-6.3135,-0.3256,1.6209,-8.0517,-1.2210,2.9904,-9.9000,-0.9625,3.5338,-8.0876,-1.8866,5.6527,-7.0940,-1.2833,5.1667,-8.9567,2.4373,0.9218,-10.2951,-1.5443,6.0023,-5.4899,-1.6496,5.6934,-6.1627,-0.6393,5.1332,-6.3494
-1.3743,7.5585,-9.7205,-1.5514,6.9001,-9.0285,0.0144,4.6831,-7.4579,-1.5658,4.8147,-6.6631,-0.5794,5.5043,-7.9535,-1.3551,5.0326,-7.4436,-0.7159,5.5091,-8.4228,-0.8547,4.7573,-8.2696,-1.1181,5.0278,-7.3837,-2.6336,6.7995,-7.4675,-0.5698,3.5865,-8.0541,-2.1979,6.6487,-7.4412,-0.6057,4.4221,-8.1858,-0.0479,4.4676,-7.6519,-0.5387,4.6663,-6.5864,-0.7853,3.7948,-5.5162,-0.6895,3.8235,-4.2569,-1.1540,2.3798,-2.9018,-0.5315,2.3942,-7.0102,-1.4581,5.4157,-5.5019,-0.8260,7.4388,-9.6630,-0.8260,3.6703,-6.3422,-2.3583,6.0190,-7.6950,-1.2474,2.5379,-5.6192,-1.7166,5.5258,-3.9265,-1.3934,6.5649,-1.9321,-0.2682,6.2776,-2.6384,-0.7135,-4.2665,0.1987,-1.8004,6.8091,-6.5457,-1.0702,7.4005,-11.3174,-0.5842,7.8362,-12.3038,-0.9074,3.3782,-6.5457,-1.8555,5.4588,-6.7636,-1.8340,8.5042,-9.5409,-1.7071,7.9296,-7.5537,1.7597,-0.7901,-19.6133,-5.0805,7.9320,-2.6097,-1.1013,3.5075,-4.4556,-0.5387,6.3949,-3.0694,-0.8906,-2.5522,-3.4548,-3.7350,13.1298,-18.5670,-1.6472,6.4667,-14.7411,-2.7869,6.7421,-12.3972,-0.4046,6.5386,-6.6966,0.4525,2.6647,-9.0166,6.3087,-5.6048,-19.6133,-3.4812,3.1316,-3.8499,1.3527,0.4094,-2.3607,10.1754,-11.7076,-12.8042,-1.4820,5.4037,-11.6550,-1.7813,2.2482,-3.1173,0.3400,0.4381,-5.2122,-1.1349,5.7030,-2.2625,-1.1109,2.1763,-11.2288,6.1890,-3.4572,-19.6133,-1.5562,6.2201,-3.9959,-1.0151,7.8745,-3.8810,-0.9290,-3.9456,-7.4268,-3.1771,12.7276,-10.1873,-1.1085,7.9918,-7.9368,-0.2873,8.8945,-13.3908,-0.1939,5.7557,-6.7947,0.2418,3.1580,-6.9192,0.5866,5.8586,-8.7532
-2.5355,4.5346,-5.9304,-2.7007,6.2848,-2.8276,3.9361,-3.6464,-17.9661,-0.9313,5.3989,-6.3734,-2.4876,6.2321,-4.9512,-2.5426,8.6359,-1.6592,-0.0742,3.8427,-13.3668,1.4533,-3.3902,-19.6133,-0.7063,4.1970,-9.4834,-3.0933,1.5658,-8.5377,0.2945,3.3184,-9.6127,-0.2849,4.4652,-7.6950,-1.3671,4.1827,-8.6239,-0.0934,5.1068,-8.2672,-0.0096,4.3191,-7.3957,-2.3607,3.4213,-10.3884,0.6057,5.8107,-8.2073,-0.7374,6.3853,-8.0302,-1.2498,5.6719,-6.8426,-1.5634,5.9903,-9.7683,1.1181,4.6184,-10.4124,-0.5171,4.5873,-7.0006,-0.3448,4.8650,-6.6870,-0.4477,0.6943,-9.3278,-0.8571,0.9122,-5.6671,-0.2442,1.9321,-5.3606,-0.9194,3.2944,-5.0015,-1.2330,2.5594,-7.0390,-0.5890,1.2570,-8.0661,0.1652,1.2713,-8.7053,-0.8332,3.0574,-7.8745,-0.6656,5.6240,-5.4827,2.4445,0.3065,-9.7348,-0.8284,5.1930,-4.2258,-1.4700,3.2609,-7.0342,-1.1205,6.2896,-7.8817,-0.3615,5.7940,-12.7108,-5.3223,-1.1540,-18.4042,-2.9209,4.3479,0.9577,-1.3623,5.1427,-5.2864,-2.6671,4.5131,-8.1092,1.3120,5.1260,-9.6678,-1.2306,1.6233,-5.7748,-0.6752,4.3048,-7.2353,-0.1844,3.1029,-8.6119,-0.6369,2.2793,-5.6551,-1.0630,2.7725,-7.1754,-0.8930,4.2329,-5.0230,-0.2203,5.1954,-11.2958,-2.3080,9.4882,-7.4771,-2.9449,7.7045,-11.9183,-2.3415,6.7469,-6.1962,-0.1508,5.7652,-7.0413,-1.5155,2.1931,-10.9583,-0.1867,6.4739,-11.7651,-1.2522,6.8690,-9.6055,-0.1269,5.6240,-10.3430,-0.3998,7.0677,-7.8458,-0.5531,0.9266,-5.3295,-0.4334,3.8547,-7.7141,-1.2570,4.6424,-8.2791,0.2921,2.5881,-7.8219,2.0351,-1.0965,-12.5720,1.2809,3.2154,-7.4986
-0.8667,5.1260,-10.0652,-0.3017,4.7381,-7.4651,-0.8882,4.7669,-5.7102,-0.8021,4.7190,-6.7804,-0.4142,3.2968,-7.3933,0.4980,4.3958,-7.8099,-1.3336,13.0316,-11.1163,-3.6679,12.2009,-11.8896,-1.9513,7.4484,-5.0685,-0.4764,7.5010,-4.5873,-3.4285,19.2518,5.9783,-1.3815,7.7165,-7.4124,-1.5467,3.6751,-10.8673,-1.6257,4.8722,-1.3767,-1.4461,4.0773,-6.3614,-0.7278,4.4341,-6.5242,-0.3448,5.6814,-9.0285,3.2825,0.1365,-15.5743,0.1844,5.9017,-5.8610,-1.4988,4.1659,-3.9768,-0.3615,7.4651,-4.6878,-5.7509,19.6127,4.9512,-2.8467,10.6829,-8.5114,-0.6440,2.8874,-3.7972,-1.3455,6.1339,-5.4229,-0.3112,6.1244,-13.1106,-1.0439,5.3917,-12.3469,0.4812,5.2170,-9.2296,1.6759,4.2234,-6.8378,-4.5825,7.7452,-7.8434,-2.0518,6.5266,-10.8074,-1.3455,8.7843,-6.8378,5.1475,-14.8728,-19.6133,-2.9736,3.7924,-10.3142,-2.3631,6.3375,-3.4788,2.0806,-4.6088,-16.8288,-0.4549,2.6264,-10.4770,-0.0718,0.8021,-11.9351,-1.2761,6.0669,-4.5993,-1.7238,2.7581,-5.0302,-2.8347,6.6894,-7.2425,-1.5490,4.9967,-2.1452,0.4717,15.0691,10.1035,-4.2282,9.8952,-3.3375,-3.4955,8.1235,-3.9983,-1.0247,2.9592,-6.2680,-0.7374,3.1867,-5.9256,-1.0463,5.6575,-10.0389,1.8866,4.7429,0.5124,-2.2841,5.8586,-6.4739,-1.8268,4.8123,-6.9743,-1.8890,14.8943,6.4548,-4.7190,11.1642,-6.8450,-1.4988,4.1156,-9.8067,-1.4868,7.2065,-7.1036,-3.0263,5.4013,-7.1778,-3.4381,8.0325,-9.2943,-0.4118,3.1843,-7.1635,-1.4605,8.6694,-4.6711,-0.9313,7.0485,-4.9632,-2.7342,-3.1795,-13.6398,1.1085,2.1356,-1.2330,-0.9385,1.3096,-11.2887,0.2131,4.1252,-8.7221
-0.4357,14.5807,6.9576,0.1006,0.3280,-6.4979,-0.5650,5.9304,-0.9074,-0.4788,3.9456,-1.6592,-0.9194,4.0127,-5.2218,0.6009,2.2098,-16.0555,0.5459,5.2218,-10.9343,-2.6552,10.0580,-8.6311,-1.1779,0.4405,-7.0078,6.1794,-0.2945,-6.1411,-4.8123,14.5424,-7.1156,-1.6209,7.3933,-8.8514,-1.8555,7.2401,-8.1930,-2.2482,7.5968,-7.6184,-1.6879,7.2520,-7.3263,-1.6352,6.8953,-7.7093,-1.1157,6.7325,-7.1994,-1.0774,5.8826,-7.3741,-0.9337,4.9512,-8.0996,-0.6321,5.0661,-7.8195,-1.2186,5.3199,-8.7197,-0.5746,5.4324,-7.4148,-0.8787,4.0941,-8.3941,-0.5626,3.7469,-7.6447,-0.6369,4.4843,-8.3941,-0.9768,3.6129,-7.6040,-1.8747,6.4284,-7.4244,-1.5634,6.0118,-8.6981,-0.5052,4.0223,-7.8745,-1.8627,6.0501,-10.1370,-2.5642,4.9752,-7.1539,-0.5842,4.9823,-7.0102,-1.0391,5.1332,-5.0877,0.1077,3.5841,-4.0606,0.0263,3.7373,-9.9934,-0.7638,3.1125,-7.3263,-2.8467,6.5050,-6.9456,-1.1085,6.7445,-7.4915,0.9433,2.6169,-5.8610,-1.9178,5.0350,-6.6487,-1.3695,1.7669,-5.7868,-4.2784,7.0701,-6.2297,-0.1508,6.5027,-3.7326,-0.5818,6.0238,-3.8666,1.2258,-3.5147,-2.7581,-3.4979,16.6589,-13.2040,-1.0774,10.3765,-15.5982,-2.6001,8.0517,-9.2847,-0.3472,7.6495,-9.3805,-2.7677,4.9967,-6.8833,-2.7054,6.1842,-8.2576,0.8499,5.8275,-8.3270,0.4118,2.4349,-10.0317,-3.8906,4.8387,-5.2170,-5.0973,9.3589,-12.9407,-3.0861,7.3167,-4.3527,-0.3567,7.1060,-4.4005,0.0287,-3.9576,-3.5051,-5.2122,13.3525,-11.4227,-0.2634,7.8171,-9.8162,-1.4485,4.8770,-11.9471,-1.5155,7.6591,-7.4579,-1.4700,6.6990,-10.8936,4.8076,4.1252,-12.9359
0.3950,1.7645,-4.5825,-1.8794,7.7572,-5.6096,-0.0886,4.5107,-11.8800,-3.0598,9.1506,-10.3908,9.8881,-5.6072,-19.6133,-2.5905,2.0375,-4.8746,0.7398,4.8961,-4.5322,2.2529,7.9248,-1.9920,0.8260,4.2521,-19.6133,-0.8739,7.4316,-4.2210,-1.2426,3.3399,-5.4899,-0.8380,5.4157,-4.6280,-0.6297,3.8164,-8.4874,-0.8164,4.0414,-6.0717,-0.1748,6.4380,3.0143,0.8284,1.7142,-4.5346,1.4629,-0.7661,-12.9311,2.3176,-1.4365,-13.1011,-2.8970,6.0932,-6.9336,-1.6831,3.8930,-6.3398,2.5379,-2.1332,-19.5989,-4.3096,8.5688,-6.8546,1.2426,5.5234,-7.0820,-0.3376,6.0047,-7.4986,-0.9002,3.8571,-7.9176,-0.2131,3.7661,-9.9192,-1.3048,4.4748,-9.0046,-1.5658,3.7206,-9.7971,-0.0862,4.8530,-9.1746,-0.6057,4.4915,-7.1084,-1.3862,4.3718,-8.5784,-0.2370,4.1994,-11.6167,-0.3663,4.1635,-12.9239,-0.2346,4.2784,-11.4610,-1.2689,6.4620,-8.5066,-0.7709,4.4891,-10.2759,0.2035,1.5562,-9.1937,-0.0479,4.0749,-7.9344,-0.9242,5.0182,-8.5832,-0.6919,4.5035,-9.3446,-0.1125,3.3950,-9.8713,-0.1317,5.9352,-5.2936,-1.2115,2.2218,-7.5417,-0.9601,4.4987,-6.2560,-0.4094,3.9217,-8.4731,-0.6249,2.3894,-9.1889,0.7494,6.1435,-8.6431,-2.5019,6.7421,-4.9129,-0.9337,4.3910,-5.4612,-3.3423,9.6438,-1.3934,-4.4508,19.3236,3.0598,-2.7294,8.6646,-12.2320,-0.5028,4.2880,-7.6519,-0.5100,4.6136,-11.6454,-0.3160,5.6144,-10.2496,0.0168,1.3479,-8.8250,-0.5794,1.9154,-8.3773,0.0599,2.2913,-9.0549,-0.2969,2.6097,-9.5529,-1.5419,3.5745,-9.7971,-2.5498,4.4125,-6.2848,-2.0542,7.1946,-8.4803,-1.8675,7.4244,-4.6352,9.4906,-17.2813,-19.6133
-0.6919,8.4156,-8.6479,0.0263,6.9049,-7.4148,-0.8643,6.0549,-8.9759,0.5531,4.2737,-10.3310,-3.6488,6.2560,-8.3079,-1.0942,6.3614,-6.9240,-1.1660,5.5282,-4.2713,-0.9697,-2.2194,-3.2633,-0.5938,0.6823,-9.7229,1.9680,-0.1772,-12.5241,0.4477,-0.6536,-7.7309,-2.0063,5.3463,-8.3055,1.0080,1.4581,-9.9790,-5.5474,7.1730,-4.4772,-2.9784,6.3901,-6.4548,-1.1923,6.7588,-4.0510,-0.2179,0.2705,-10.9678,0.6728,-2.3367,-13.8864,-3.3782,7.0006,-4.2425,-3.1005,8.7053,-6.9216,-0.4884,3.8714,-7.0629,5.5019,-5.6695,-18.8424,-0.3879,4.0941,-5.5929,-1.5036,5.9520,-6.4476,-4.8291,-5.3271,-10.2999,-0.5315,4.2162,-5.4420,-2.2218,3.4333,-9.2249,-2.7916,4.7740,-14.0085,-0.4022,4.6352,-11.3174,6.4907,-4.4149,-19.6133,-1.2809,12.6917,-7.7524,-1.3144,6.1004,-4.4819,-3.9744,11.2144,2.1883,-1.5371,5.3941,-3.3543,-2.1763,4.1539,-5.5306,-0.5315,0.5100,-12.2583,-1.1732,-0.0575,-7.1036,1.0008,6.2968,2.2793,0.7015,8.0828,-5.0685,-1.9800,-8.8609,-19.6133,-3.3543,8.9543,1.0223,-0.6800,-2.0039,-9.2632,-0.4717,0.0431,-14.4634,1.3838,2.8252,-5.6767,0.7590,0.5411,-6.3805,-3.2777,11.3318,-5.5569,6.7277,-15.1457,-19.6133,-1.1540,8.0685,-1.1349,3.6105,-3.3710,-17.0419,0.9912,1.4796,-13.1250,0.4286,3.3662,-10.4267,0.0958,5.0398,-19.0650,-0.8763,7.6662,-6.5050,-1.9130,7.2257,-3.2034,-1.2737,9.1937,-3.8164,-0.9002,9.8378,-8.1882,-1.9082,6.3279,-7.7644,-2.3056,6.2345,-7.1275,-0.9218,13.8552,-14.7603,-1.1013,11.8872,-6.1962,1.8316,5.5306,-2.3655,8.3438,-19.6133,-19.6133,-0.6129,7.2209,-7.5010,-2.1404,15.6365,-2.7701
-1.0247,6.0406,-1.1181,-1.0151,-2.0806,-12.5600,6.4189,-7.0030,-19.6133,-0.6656,4.5849,-8.5545,0.1173,2.6384,-4.4676,5.7461,-6.5745,-17.8895,-2.4900,6.9145,-4.1563,-1.6759,5.8275,-5.2289,-1.1444,-3.3064,-13.5919,-1.6903,12.2344,1.8411,2.7557,-7.8626,-19.6133,2.8898,-0.3831,-15.2870,0.1772,1.4964,-9.4571,-2.2793,9.0453,0.0431,-1.3767,5.7317,-3.5027,-3.7852,2.1979,-3.9887,-2.6217,0.7446,-0.1221,2.5570,-7.8338,-19.6133,0.1556,1.3934,-10.5417,-0.2251,5.0542,-7.1706,-5.7078,17.3316,-4.8171,-1.1229,11.4275,-7.1515,-1.4748,8.9016,-5.7628,-6.4045,0.7183,-2.7677,-0.8452,3.6895,-5.6336,-0.7973,1.8340,-8.8969,-5.0470,5.3151,-3.0287,3.3447,2.0351,-3.2202,-0.6321,8.3989,-1.6855,-0.6728,3.2010,-1.5610,1.1181,16.3787,11.9207,-2.4517,13.7188,-3.3040,-1.4581,2.9640,-6.9240,0.4549,10.4459,-9.7803,0.1508,5.3750,-1.5012,-0.0192,4.1970,-3.1316,-0.8523,4.0821,-1.7765,2.2505,-5.9185,-10.3884,7.3670,-8.4036,-19.6133,0.4118,7.7285,-8.5449,-0.1652,5.4109,-9.4116,-4.2737,6.2752,-6.3877,-0.1939,7.7835,-6.3135,-1.1660,10.5465,-5.8826,0.0862,-4.1779,-8.0852,4.9297,-4.9895,-19.6133,3.2226,1.6376,-14.7531,2.7102,7.0246,-12.9478,5.6455,2.8826,-14.5951,-1.0032,7.7835,-4.0606,0.0263,6.4141,-3.4548,11.2264,-17.9757,-19.6133,-0.7302,8.5904,-3.0837,-1.4653,3.3471,-3.9792,-1.9417,5.2553,-4.2904,-1.9010,4.5107,-7.7548,1.1253,4.2353,-10.2424,-0.1341,7.1036,0.5243,0.1820,3.2106,-0.9888,-2.6288,5.1739,-4.6950,1.5850,6.9192,3.1244,4.9177,-7.3454,-19.6133,-0.8404,4.8100,-7.6686,-0.3496,4.3551,-3.7996
-1.7980,12.4427,0.0311,-1.8938,7.3382,-3.1747,-0.0766,6.9097,-10.5848,-0.4262,8.2025,-7.0126,0.4836,3.9887,-8.4946,1.0295,4.3910,2.9616,0.4142,10.1634,-3.8211,-1.8076,10.6207,-6.4045,-0.5100,-3.7757,-11.8034,1.1277,-2.9832,-11.6478,2.4804,3.0526,-10.4244,3.0502,3.2298,-7.3550,1.9489,3.1963,-10.5177,0.4932,4.4173,2.3056,-1.2115,4.3766,-2.0973,-0.2370,7.0892,-5.2984,1.1779,0.4525,-7.4723,6.2177,-8.1307,-19.6133,-0.9960,4.4604,-7.3933,-0.0646,4.4460,-3.6224,2.3272,8.0469,-9.0237,1.3144,1.5514,-2.7557,-3.5410,10.1945,-3.1627,-1.0965,8.7149,-4.4676,3.0311,-0.8715,-11.4922,4.3790,-3.3016,-19.6133,0.0838,4.5705,-6.3375,0.2705,4.6064,-2.9856,4.1252,5.4564,-9.5050,-0.9529,7.3358,-2.0806,-0.3160,4.4293,-3.2920,-3.4572,4.6232,-6.6631,-1.0726,1.3479,-0.5171,-0.6345,-6.0765,-19.6133,0.5124,1.9489,-9.9742,1.1947,3.1364,-6.4236,0.4501,4.8435,-3.1340,-2.6983,11.4922,-4.8076,-2.6671,9.7899,-5.3774,0.4070,9.8474,4.7740,-1.4557,10.7093,-4.2473,-3.0191,8.7628,-3.0526,-2.6815,5.7557,-4.1324,1.6328,0.2490,-0.7398,-1.2450,6.2680,-1.8340,-1.6113,8.3677,-4.2162,-3.5698,-0.5411,-15.3660,-0.3136,2.1691,-7.1898,-3.9433,9.0908,-3.0957,-2.0255,2.1811,-3.1316,-1.9609,3.8978,-7.7213,-2.4301,6.8019,-2.3655,7.8147,-12.4834,-19.6133,-2.4349,14.1066,1.4437,5.8131,-7.2425,-19.6133,0.0144,-4.0294,-16.0866,-0.6991,-0.3017,-11.0540,-5.9520,3.9409,-2.8443,-3.3208,6.6535,-7.2472,-1.2354,4.4604,-2.7605,-4.0630,-0.0838,-14.5520,-4.5346,4.8985,-9.4140,-2.6815,8.3606,-6.4955,-4.7381,7.3981,-11.1450
0.8930,10.5297,-11.0277,-3.9456,19.6127,-0.1437,-0.9912,2.1428,-19.6133,-0.4429,6.5577,-16.5296,-4.4676,8.6933,-7.3023,-3.0287,7.2065,-4.4604,3.7637,-16.1297,-19.6133,0.2035,6.0094,-9.0333,-2.0375,16.3596,-2.7198,1.4724,1.8004,-16.3979,-4.0510,5.4995,-5.4564,-2.1404,9.9766,-7.7524,-1.0774,9.2991,-7.5585,-7.3574,19.6127,0.3136,-0.2586,12.2368,-4.4221,-0.9840,4.6878,-5.0254,-0.7039,7.3598,-10.3741,4.9656,1.8483,-17.9613,-0.0670,5.8347,-6.3351,0.0670,7.7500,-4.5657,11.9686,-19.1345,-19.6133,1.0271,8.5042,-0.3184,-3.3998,2.5498,-8.3653,-0.2370,4.9201,-5.7868,-1.1875,2.1308,-6.7349,-0.5243,9.0597,-12.8329,-2.5115,8.2217,-6.0501,-1.1516,7.4316,-5.2146,-6.3303,0.1460,-10.4387,-1.5012,5.7078,-9.1482,0.5698,9.9599,-8.3606,-0.6967,5.8275,-18.9501,-1.1468,6.8833,-11.5137,-0.1724,8.7125,-4.2497,-0.2370,5.4253,-1.1085,-1.0127,5.0254,-2.0039,-0.3711,5.0542,-13.7930,-0.6009,5.5689,-15.1194,-3.4046,4.6184,-0.1077,-1.9106,9.2129,-5.8203,-2.3487,4.0654,-13.6039,-1.0487,7.6782,-2.9377,-2.1907,7.7285,-3.4141,-1.4269,5.5785,-2.2386,1.8268,9.9264,0.6321,-1.6472,9.9862,-0.7925,1.3216,6.7109,-5.8634,0.4070,3.5434,-5.6551,1.7023,4.4125,-17.2790,-2.6767,5.7820,-5.6096,0.3807,5.2050,-2.9904,10.4698,-19.6133,-19.6133,2.9975,8.0780,-4.8746,-2.8874,11.7196,0.0168,2.3104,3.7757,-8.3558,0.4812,2.3128,-8.5305,-6.4620,17.0731,-0.4046,-1.9680,8.2193,-6.2800,-0.0742,5.4755,-3.3255,-7.2161,1.9465,-7.9057,-1.1349,9.6510,-8.3893,1.3527,6.1890,-7.9966,-0.7111,3.0095,-16.2159,1.3503,2.1715,-11.9231
-2.9042,7.9511,-2.5905,-2.4062,7.8817,-6.0573,-2.5019,10.5656,-6.3111,-2.6600,12.1721,-17.7530,-3.2082,7.5369,-7.2927,-1.7119,11.1977,-8.7317,-2.0686,-7.0797,-19.6133,0.8236,7.9033,-11.2336,-3.2226,10.5345,0.0479,0.9912,2.0446,-14.7818,-4.5059,11.9710,-16.3596,-3.2346,8.2648,-6.3997,-1.0175,4.3311,-5.3678,-7.6279,19.6127,5.9089,-4.4436,10.9367,-3.7613,0.0862,5.2648,-3.2202,-3.2130,5.3750,-6.4308,-0.1891,5.5665,-9.4763,-1.6257,4.6950,-0.8859,-2.6719,7.6758,-4.8674,-2.1452,6.2704,-2.2625,-2.2865,11.0756,0.2370,2.8347,-9.2320,-19.6133,-1.9393,5.8442,-6.6272,-2.8946,9.1506,-4.7477,2.9808,0.8619,-10.2185,-0.4477,5.8586,-6.4189,-2.8778,5.3463,-4.8578,-1.1732,10.9008,7.8554,-1.5921,5.5186,-4.8961,-2.3966,8.7532,-2.0255,0.1221,2.8922,-5.1978,0.4477,5.7102,1.8148,-0.5674,3.9672,-1.5610,-0.8332,4.0725,-3.3279,-4.3814,-1.1109,-12.9694,-1.1372,6.7109,-10.1179,-2.6863,8.8011,-3.4692,4.1779,1.2881,-8.2480,-0.5698,9.4140,1.5730,-0.5938,7.5537,-2.4421,-4.3981,8.7676,-5.4109,-0.9649,-3.4716,-14.6453,-0.4334,6.5601,-5.1715,-0.2945,3.3543,-0.5842,5.6910,3.5171,-10.3860,-2.4445,6.6918,-8.9064,1.4317,5.5067,-6.4308,10.9176,-19.6133,-19.6133,-1.9632,4.9105,0.9194,3.0646,-5.4253,-13.7667,0.3615,2.2529,-8.3079,-1.7573,3.7469,-5.1643,-6.1866,8.0230,-5.0111,0.1149,10.2639,-9.2296,0.4334,9.4643,-6.1411,2.3727,19.6127,4.5993,-4.7166,7.7237,-7.6279,0.2945,2.0853,-7.4939,0.5195,8.3462,-6.0861,6.8905,-6.3303,-18.1648,0.2729,5.6360,-5.1380,-0.3879,3.8116,-3.9744,-3.0885,-7.3574,-11.7651
-2.5809,10.8888,-8.6383,-1.4988,10.5441,-7.0342,11.1761,-19.6133,-19.6133,-2.7461,6.8091,-1.3408,-1.3647,9.8976,-7.4891,-9.8258,19.6127,-7.5154,-2.9233,10.4746,-5.6312,0.8045,6.5027,-3.7182,5.8155,-13.9175,-19.6133,-3.2130,12.6270,-0.0144,-3.2489,10.2256,-10.4052,-2.9425,10.9942,-5.5330,-7.1347,19.6127,-4.5179,-2.6815,10.8146,-4.6950,-1.1684,7.7692,-1.9034,9.7324,-19.6133,-19.6133,1.3288,6.9959,-0.9960,-2.0303,9.2368,-1.6233,1.9561,3.3519,-4.3790,7.0150,-7.4388,-19.6133,-2.9042,5.9568,-4.4915,-1.2833,2.7390,-3.2130,-1.6879,5.2481,-2.7629,3.4022,-7.3382,-12.2080,3.5985,-6.6870,-19.6133,-1.4413,5.2912,-10.5967,-4.3167,6.1268,-8.2648,-1.8052,9.1506,-6.4260,-1.6017,6.6367,-4.0965,1.8747,15.4378,13.0364,-0.3041,11.1905,-3.0670,-1.6592,5.4300,-1.1085,-3.9935,5.0398,-4.8076,0.1915,2.0806,-2.9233,-1.8268,7.2999,-5.3702,-1.5490,12.5408,-7.8865,1.5514,-1.3934,-13.0843,3.6583,-9.0573,-19.6133,-1.7645,3.0502,-19.6133,-2.3727,11.2815,-12.7635,-4.1324,12.7252,-9.5744,-2.0016,7.8769,-4.4412,1.8866,-12.0045,-19.6133,0.8236,3.3471,-6.0501,-1.1851,2.5091,-8.4084,0.6464,1.7597,-6.1794,-8.5904,19.6127,-0.7590,-2.0494,13.2016,-5.9831,-2.3367,10.1849,-6.8450,10.0485,-19.6133,-19.6133,0.7518,4.8602,-2.9209,-5.9544,11.2240,-1.8938,-0.7757,3.0837,-19.6133,-1.5419,2.8347,-7.8626,-2.3008,8.1355,-4.8004,-1.3360,5.6838,-2.6911,-1.7741,-13.8840,-19.6133,-0.8978,4.4939,-12.4882,-4.1539,-3.6631,-7.5753,7.4292,-12.5289,-19.6133,-0.3328,4.8674,-1.2737,-2.1668,6.2944,-1.9058,-1.4150,3.9816,-2.3032,-1.9752,-3.8618,-15.0595
-1.2881,8.5784,-3.0358,-6.2273,19.6127,7.5178,-6.3805,10.8984,-6.4811,-2.5259,11.1737,-2.0303,-5.0542,17.5710,-9.7540,-3.9265,12.7012,-8.8394,-0.9601,5.8849,-3.5482,0.5291,-4.7860,-14.6238,-0.6512,12.2870,2.0901,-3.7637,11.7460,-13.8002,0.9625,-0.2179,-9.5289,0.8499,3.7876,0.0742,0.0742,5.9065,-1.9992,-0.5746,4.0031,-3.0167,0.8978,15.5096,11.6813,-2.4301,11.8800,-5.4277,-1.1756,9.8210,-9.4475,1.6257,7.5824,-6.1052,4.5035,-0.4429,-16.9533,-0.3089,1.6328,-2.2625,0.4693,5.5785,-5.0470,-3.7637,3.9768,-9.2871,-2.3080,5.7916,2.8347,2.4301,-5.8490,-19.6133,0.9457,3.2250,-10.6638,1.3024,3.3279,-8.7508,2.0949,12.2439,-13.5608,-1.3048,9.7803,-6.1818,-0.0742,8.4132,-4.8985,4.7645,-15.2032,-19.6133,-2.3535,4.7166,-9.9814,-2.4900,9.1889,-0.0790,3.3662,2.8515,-15.7922,-0.1197,7.3694,-11.5520,-0.5243,3.9025,-0.2753,0.3735,2.7174,-2.0518,-1.8723,4.4245,-3.7517,-1.2737,5.3127,-8.7221,-1.2857,5.5210,-8.0732,-3.5889,5.4277,-6.3829,-0.0144,15.5049,-9.9862,-2.3320,9.0956,-5.1140,-2.7677,8.5712,-5.2840,-6.9791,19.6127,2.7270,-0.4932,8.2528,-0.7278,-0.9744,3.9744,-6.7947,-0.5722,8.2145,-3.8092,2.9497,-0.3041,-7.8985,-1.4796,6.5721,-5.0973,-1.3575,5.3079,-4.4125,-0.0742,7.6375,0.9912,-2.9018,10.2855,-5.3678,-3.6009,9.2320,-5.9352,-3.2178,10.4531,-5.1978,1.9441,-1.0343,-9.2847,-1.4557,8.3318,-6.7684,-4.2832,10.6518,-6.5577,-0.3735,-2.3822,-10.8816,-2.1380,0.3424,-10.3094,-5.3558,8.8370,-12.6270,-3.3926,7.4029,-5.9735,-5.4540,3.8355,-4.8219,-1.1923,15.1601,-10.2185,-1.0894,6.6679,-5.6503
-8.7915,19.6127,-4.4125,-2.0614,8.8945,-5.9041,-1.0678,4.5633,-5.8706,8.1379,-19.6133,-19.6133,-0.9960,7.1898,-4.6232,-4.4843,12.5935,-0.8787,0.8739,2.3367,-12.3158,-5.0757,7.0820,-4.4077,-1.8268,9.1985,-6.4763,-1.4772,11.0708,-6.8259,-0.2586,0.0670,-10.7188,-1.4437,0.2586,-3.4884,-2.2051,3.0957,-2.0423,-0.6416,-3.0981,-11.5760,4.5035,-12.3469,-19.6133,-0.8787,3.3160,-3.2250,-2.5402,4.7549,-4.6184,-1.3575,-8.3510,-19.6133,-2.5379,13.0532,0.6919,-3.6272,9.9264,-7.1084,-2.3320,-0.0359,-14.7052,-3.9385,3.7062,-4.0773,-3.3926,10.0006,-7.4412,-2.7270,9.4068,-4.7788,-0.4190,-2.6959,-10.0245,0.8930,-2.7246,-15.7754,-2.1021,3.2154,-6.5242,-2.9329,2.5594,-8.1690,-2.8970,1.4581,-19.6133,-1.2354,10.4124,-8.4132,-0.2059,4.6735,-3.6009,9.5840,-19.6133,-19.6133,0.6632,7.0892,-6.9192,-0.6273,13.2351,4.7501,0.5818,5.0637,-18.0188,-9.1482,14.9829,-2.2625,-0.6560,10.7931,-9.6438,-0.8763,1.6257,-1.8794,-7.2975,8.5545,-9.9407,0.8236,3.7350,-7.7788,-2.1045,16.4003,4.0103,-0.8954,4.3862,-10.6087,-6.0190,9.1698,6.1100,-0.2777,13.2543,-8.0996,-3.0143,10.1754,-12.0692,7.0940,-12.8305,-19.6133,-1.0439,1.1013,-2.0351,-1.3767,6.7540,-5.5785,-1.8172,3.4788,-9.1051,-2.5977,6.7157,-7.4843,1.3264,5.1667,-11.3749,1.4341,4.7932,-1.3312,-0.6416,6.0023,-4.0414,10.9990,-16.5511,-19.6133,0.0215,4.0151,-2.4972,-0.2370,6.0478,-7.4771,0.3903,5.6958,-7.4005,-0.6632,4.8818,-10.0892,-3.5530,-1.0846,-4.2641,0.4980,1.3144,-1.5634,-0.3041,10.4291,-5.3271,-3.3184,9.8737,-5.8730,0.0599,-2.3798,-10.6853,5.3582,-9.8641,-19.6133
-0.2753,8.5665,-8.8155,-0.6800,10.4507,-6.3973,0.9242,-0.5698,-11.9902,3.2872,-6.6870,-19.6133,-1.6640,1.5634,-6.7181,-1.2522,2.7869,-7.0605,0.4405,4.2497,-7.3239,-2.0997,12.1985,-17.0180,-0.8954,12.1147,-10.3166,-5.7604,9.2584,-6.6032,-4.5083,19.6127,1.6496,-1.2665,12.3373,-6.6295,-0.7350,6.6415,-3.9720,-0.7829,2.4660,-6.0861,0.2945,3.2825,-7.4053,-3.1939,4.9967,-7.2616,1.3264,6.0837,-3.8044,-0.8547,6.1962,-4.2473,-0.8523,6.2489,-3.1268,0.2514,2.9425,-2.3750,-2.0853,9.1459,-11.4515,-0.0958,1.0199,-8.4874,-1.3479,5.2768,-8.6933,0.5650,4.6471,-7.1347,3.1460,4.7070,-8.5162,1.5634,4.0127,0.2514,-3.0167,6.1986,-1.2546,-3.2274,0.4669,-9.9742,-3.0263,9.9719,0.2969,-4.1372,4.1635,-2.1907,0.7542,0.2873,-7.7452,0.5602,3.6320,-7.0653,0.1891,7.6255,-7.4316,-3.0215,11.7268,-1.8100,-2.7126,6.4236,-8.0014,0.0407,5.9041,-4.8985,-4.9129,19.6127,0.4956,-2.1284,7.0270,-7.7045,-0.9481,1.7933,-4.0175,0.5962,6.8235,-9.2440,0.2610,1.3910,-11.2216,-1.4653,1.7430,-8.5952,-5.1020,11.6957,-2.1213,-2.9401,12.0309,-14.0061,-2.1069,8.4611,-5.3965,10.5680,-15.7299,-19.6133,-4.6232,15.0284,-0.9816,-2.9185,6.1818,-2.8323,3.1627,0.2203,-14.9302,-0.1341,1.8675,-9.3781,-0.0479,4.3503,-10.7595,-7.8410,11.6238,-4.7980,-1.6903,8.3007,-11.3749,-1.5490,8.3390,-4.4197,4.9129,-12.5911,-19.6133,3.1675,7.3646,-7.6064,-2.5043,6.0166,-6.7205,0.2035,11.4586,-8.6335,2.6001,4.0462,-5.4396,0.6943,-1.2713,-7.5178,-5.2265,19.6127,-3.4237,-1.3408,13.5177,-4.6831,0.0431,7.6495,-5.6527,2.3846,17.3173,4.1037
1.9632,11.3796,-17.9948,-0.1053,5.2601,-6.6655,-2.3966,7.0940,-3.8403,7.1802,-8.9184,-19.6133,-0.6847,6.7900,-5.1140,1.1492,4.1061,-6.0118,0.1939,6.1244,-3.1603,-1.0798,6.4069,-8.7843,-1.3575,6.3039,-10.6997,-7.8147,10.7787,-8.8155,-0.0742,10.7883,-8.5808,-2.3990,9.7947,-4.2329,3.2537,0.1772,-7.7907,1.6568,-0.5578,-19.6133,-0.5578,2.5259,-5.6743,-0.2394,5.8107,-7.7165,0.1508,1.7047,-9.3518,-1.2139,5.0422,-4.5633,-1.5323,6.3351,-8.9783,-2.5355,4.0965,-6.3087,-1.1037,5.3199,-7.1754,-0.8164,5.8754,-4.6639,-1.2426,4.1970,-5.1787,-0.3376,3.4979,-5.2457,-1.6400,6.0789,-6.3949,-1.9417,6.7181,-7.1299,-0.8595,5.7413,-6.6487,-1.7837,6.4667,-7.2688,-1.4748,6.4524,-7.2281,-0.9673,5.8538,-7.8219,-0.9912,5.0254,-8.1954,-1.0175,5.2409,-7.6351,-1.0463,5.3271,-8.3773,-0.9146,5.7485,-7.5298,-1.1396,4.6974,-7.7261,-0.5028,5.7676,-8.4036,-0.7757,5.0015,-7.5369,-0.5531,5.7581,-8.7771,-0.7494,3.9217,-8.7197,-0.8092,4.1228,-7.1730,-1.2378,7.8673,-10.3884,-1.0822,5.8419,-7.8745,-1.8986,7.1802,-9.0908,-1.6735,7.0485,-7.5369,0.9194,4.5394,-8.0661,-0.1365,5.9711,-6.4835,-0.2370,5.2050,-7.8817,-0.1293,5.0589,-7.0940,-0.9457,4.7740,-6.4955,0.7015,3.2944,-5.6096,-0.2682,2.5283,-5.3295,-0.5914,3.6512,-6.3351,-1.4868,6.4093,-5.6312,-1.8459,2.9880,-4.2377,-0.1867,2.6887,-3.6847,2.7031,3.3303,-9.7037,0.0766,5.4684,-5.0661,-1.9489,-4.3144,-19.6133,-0.7781,3.9002,-3.2322,0.1508,1.6999,-3.1460,-0.5531,4.0845,-11.7148,-0.3424,1.8771,-7.9200,-1.7837,3.6607,-6.3662,-0.4238,1.3360,-5.4899
3.9887,-2.3367,-19.6133,-4.0654,8.2001,-14.6645,-2.3056,4.3407,-8.0732,0.0048,6.1890,-11.2192,-1.3336,7.1228,-5.7413,6.8115,-12.9119,-19.6133,-2.3559,2.4517,-1.6831,2.1907,0.9792,-3.7709,-0.8667,5.9520,-10.0963,-0.5986,6.3087,-12.9694,-2.7078,6.6056,-9.3637,-2.0135,6.9432,-6.8714,0.0455,5.3654,-9.8426,-1.8340,4.0989,-7.2520,-1.1061,4.6088,-7.0150,-0.3519,3.7350,-3.6105,-3.2034,6.0980,-4.9249,-1.1875,5.5258,-6.5745,-1.6592,6.7469,-3.5219,-1.4772,5.0350,-4.7980,0.9050,-6.5625,-19.6133,-2.5115,8.5928,-5.3199,-0.7542,5.2553,-8.7747,-1.1061,1.4748,-13.5368,-1.6712,6.5050,-6.6894,-0.2753,4.6878,-6.5505,-0.4573,4.8004,-5.4277,-1.5897,5.4731,-8.4132,-1.6448,6.0885,-10.6805,-0.2083,3.5674,-11.1905,-0.5243,3.3543,-8.7293,-1.8962,5.8849,-9.9551,-0.5794,4.4460,-8.7843,-0.8571,6.6631,-7.9631,-1.1157,8.5880,-8.4539,-0.0096,6.5769,-8.3893,-0.1652,1.8866,-9.3494,-2.2194,3.0454,-6.4572,0.3017,3.9313,-8.1068,-1.5634,6.9408,-3.7661,-2.3750,5.3774,-4.3215,0.0287,4.9560,-8.6886,-0.8619,5.7317,-7.7572,-1.9776,6.4260,-4.2737,-1.2450,9.7468,-3.2968,-0.8021,-1.9872,-11.4874,-0.8739,7.0940,-4.7669,-0.6393,5.8754,-6.9384,-0.7901,6.4859,-8.0038,-0.8619,4.8674,-8.9639,0.2346,4.3958,-7.8865,-1.6400,2.7916,-7.9703,-0.1724,6.4979,-9.7276,-0.6776,3.6057,-6.5122,-0.5267,2.3607,-8.0373,-0.0958,4.9273,-8.6933,-3.0143,6.0501,-10.1993,-1.6185,5.9711,-8.6239,-2.6456,7.1299,-3.9361,-1.0702,4.7932,-11.2671,9.1554,-14.0276,-19.6133,-0.1628,7.6998,-1.0439,-2.2745,5.6910,-5.2170,-0.9673,6.1842,-8.5377
-0.3256,6.3111,-10.5082,-1.0726,5.4444,-7.6662,-1.3455,5.6623,-9.6702,-1.9680,8.5258,-1.1420,-2.1069,6.2944,-7.9152,-1.6807,6.7732,-9.0190,-1.2258,7.9895,-8.4396,-1.4676,7.2496,-8.1187,-1.7406,6.7086,-7.8386,-1.3408,6.3159,-7.6112,-1.0606,6.1028,-7.7452,-1.2210,5.7317,-7.9368,-0.8835,5.6623,-7.6998,-0.9505,5.0757,-8.0828,-1.2306,6.0741,-7.9104,-0.8571,4.8195,-7.9128,-0.9002,5.2960,-8.2576,-1.1253,5.9448,-7.7740,-1.2234,7.2089,-8.3414,-1.5538,6.2584,-7.9918,-0.8787,5.9592,-10.2089,-0.4190,3.5051,-6.7636,-0.3352,4.7692,-7.3789,-0.9074,6.0980,-7.9559,-1.9010,5.0853,-7.0485,-1.3455,4.1827,-5.3822,-1.1301,4.1492,-7.9607,0.0527,5.5593,-7.7165,-1.1205,7.2113,-8.4898,0.8811,3.1029,-4.8818,-0.6105,3.5051,-5.1739,-2.2434,4.4772,-5.5545,-0.8332,3.1460,-5.6144,-0.6656,3.1532,-8.3175,0.1772,0.3496,-7.6351,2.4134,0.8045,-8.1044,-0.5746,3.4572,-9.3637,-2.0279,6.5098,-13.0676,-3.0861,6.3159,-9.3829,-0.4022,3.6488,-8.2863,-0.6393,3.7254,-8.1523,-1.0942,4.0654,-8.8442,-0.8475,4.1492,-8.1211,-0.5387,4.6687,-8.8178,-1.1684,5.3678,-8.4707,-1.3360,4.6136,-8.3270,-1.0702,5.0757,-7.8314,-0.8308,4.8267,-8.1930,-0.9481,4.9129,-8.1427,-0.9912,4.8291,-8.1906,-0.9792,4.9344,-8.1547,-0.8978,4.9799,-8.1211,-0.8667,5.0159,-8.0469,-0.8835,5.0302,-8.0996,-0.9792,4.9752,-8.0852,-1.0678,5.0877,-8.0589,-1.5083,1.0774,-12.7180,0.7063,4.0223,-8.3222,-1.7669,5.3822,-7.2065,-0.8140,5.2577,-8.3941,-0.7230,4.7190,-13.5991,-0.3639,6.4643,-8.3965,-1.1205,4.4652,-8.3534,-0.6584,4.4963,-7.8889
-0.2729,6.4260,-5.8442,-1.3144,5.7102,-5.2768,-0.7494,3.0957,-8.6000,0.2083,2.2242,-10.5249,-0.9984,5.7796,-9.0118,-0.6129,7.2712,-7.5968,-0.9840,6.4428,-9.1842,-1.1516,6.0071,-9.4691,-0.2610,5.9137,-11.7627,-1.0056,6.3087,-10.0820,-0.0575,1.6807,-7.3310,0.1173,3.9935,-10.2544,-1.7478,5.5857,-7.0677,0.0575,3.8283,-11.9231,-3.3447,8.0996,-6.5697,-2.5738,7.0174,-5.2553,-0.8092,7.9511,-8.7819,-1.1756,6.7229,-8.5760,-1.2115,4.1683,-6.1220,-0.9218,5.0350,-8.4611,-0.7254,5.3486,-6.0071,-0.6009,5.4516,-3.2322,-0.4860,6.4620,-13.8672,-2.6480,6.4500,-7.2975,-0.5243,7.5178,-6.0214,1.9920,1.8723,-12.1769,-1.5347,4.5418,-11.2527,-1.2450,6.6846,-10.7212,-1.7071,7.4436,-9.0956,-1.3168,5.9328,-8.6335,-0.8643,5.5737,-8.6119,-0.3759,4.1084,-7.5872,-1.0391,5.1906,-7.4915,-0.9625,5.6288,-7.7668,-1.6209,6.9863,-7.6184,-1.4222,6.3566,-8.3653,-0.5004,6.2968,-8.4827,-0.8787,3.4141,-7.6279,-0.5507,4.8291,-7.9464,-1.1157,5.9711,-7.5968,0.0694,4.5921,-7.8817,-1.4389,6.6248,-9.2584,-0.1532,5.5378,-7.8626,-1.7478,3.9983,-8.0637,-0.0718,3.5099,-7.6782,-1.0391,4.3383,-11.8106,-1.6424,4.3287,-10.2232,-0.6225,4.9392,-5.9640,-0.6752,4.0701,-5.8299,0.3352,5.7054,-8.6646,-1.5538,6.8259,-8.8538,1.9513,1.2570,-6.6272,0.0790,3.6009,-2.5115,1.0582,1.3288,-5.9209,-0.7925,5.9592,-3.9049,4.9608,3.8690,-6.7086,-1.8435,2.5043,0.7877,2.1524,-1.7478,-3.9624,-1.5395,7.5657,-12.5169,0.5171,2.8491,-6.8498,-2.4588,7.8530,-10.8625,-0.5794,5.5067,-8.7987,-1.0630,9.3278,-11.2384,-3.2681,8.3055,-14.9877
0.4357,7.8865,-5.5234,-9.2751,2.8994,-19.6133,-5.0494,2.0853,-4.1779,-1.5347,2.9066,-4.5322,0.3591,3.0694,-3.5961,-0.1532,4.0270,-4.1132,-2.1117,6.5050,-3.8666,-0.8595,5.0613,-4.2737,0.0790,3.2633,-6.8738,4.4293,3.5243,-7.7261,0.2801,3.2657,-9.6702,-0.7302,5.0230,-7.3837,0.0958,5.5689,-5.0518,2.9257,11.2192,-4.3479,-1.8699,7.5034,-19.6133,-1.5921,4.0869,-6.6248,0.1820,5.2194,-8.2001,-0.3543,2.9377,-7.9607,0.2035,0.1437,-12.4331,-0.0790,4.3144,-8.3893,1.0439,4.8794,-4.6711,-0.3280,3.2465,-14.6381,-1.7837,1.1444,-2.0470,-3.6536,9.1578,-16.5224,-1.1349,10.7763,-8.9471,1.0702,4.0869,-13.1154,3.5721,-11.4730,-19.6133,-0.6608,0.5435,-11.1282,-0.3376,4.3072,-4.6424,0.4094,3.4093,-5.8993,-0.7518,3.8762,-7.4627,-0.6656,3.5721,-8.9352,-0.0790,4.0725,-10.1035,-0.4836,6.5481,-7.7165,0.4022,4.5681,-5.6671,-0.2729,4.8123,-5.1499,-1.4341,3.4213,-5.9233,-1.0032,3.0718,-9.7875,-0.0838,5.5737,-9.8138,-0.5052,4.4245,-7.2257,-0.6895,2.2194,-5.7604,-1.0104,2.0039,-5.1499,-0.4262,1.9034,-6.6942,-0.7542,3.9145,-5.8873,-0.5578,2.8036,-6.1938,-0.9122,1.5730,-10.0341,-0.5363,5.2050,-4.9057,-0.3519,5.1811,-9.6151,0.1245,4.0055,-8.4851,1.4772,0.1053,-13.8505,1.4317,2.4229,-9.2775,-2.2314,5.5258,-8.5401,-2.5833,9.4499,-3.7541,-5.4253,14.5184,1.0104,-2.0375,4.7597,-2.3535,-1.0822,5.4612,-9.3661,-1.8004,2.6647,-10.0365,-0.4046,7.1563,-9.7827,1.6089,0.0958,-7.0030,-0.2777,-0.4549,-5.9664,-1.2953,2.0518,-7.4819,0.1891,2.6217,-9.3877,1.2617,5.3941,-6.4093,-2.0351,4.9177,-5.9233
-3.8523,4.1108,-9.3948,-3.5889,5.2074,-13.4482,2.5618,5.9209,-9.2584,0.3472,6.6846,-5.0973,-5.8849,13.5655,-0.8739,-1.0558,6.3758,-8.2241,-0.9290,10.6997,-1.8818,1.8890,5.5498,-13.0891,-1.8890,4.8291,-1.7286,-4.1803,9.5385,-4.4388,-3.4333,8.8873,-5.5498,-2.5618,9.2751,-10.1778,-3.7757,7.1898,-6.2656,-0.9697,5.3151,-7.5202,-1.6759,5.7102,-6.5625,-0.9170,6.2776,-7.0318,-1.2617,6.1603,-7.0533,-1.3312,6.0549,-7.4101,-0.7661,5.8107,-7.4939,-1.2258,5.7509,-7.9966,-0.9505,5.3175,-7.8721,-0.9912,5.4779,-8.1762,-1.0080,4.9033,-7.9679,-0.8619,5.3630,-7.8410,-1.1612,5.5138,-6.9959,-0.9505,5.6599,-7.1395,-0.8643,5.0278,-6.6894,-2.1548,6.6319,-7.8745,-1.0894,6.8307,-8.0828,0.1365,3.8068,-10.2999,-1.9201,6.8139,-9.0214,-2.2290,6.1148,-7.2927,-0.4286,3.8475,-7.2496,0.4549,4.1132,-6.0190,0.1365,2.7078,-4.2042,-0.5698,3.2010,-2.8515,-0.4621,2.6863,-5.7126,-0.5411,4.5394,-6.9695,0.7039,0.9529,-4.5011,-1.1109,7.9799,-10.6638,-1.1061,5.4803,-8.4443,-0.5076,6.6295,-4.1515,-2.3439,4.0845,-9.8761,-2.3511,6.8881,-10.8769,-0.8547,5.4708,-6.9767,4.0821,-5.6431,-17.5447,0.0862,1.7214,-0.0886,2.3391,-0.3136,-5.4564,-2.4684,2.1093,-10.0676,-1.6568,3.9433,-7.4292,0.9409,2.8826,-7.8482,-3.3423,3.8666,-7.2257,-0.5914,8.7891,-7.3789,-0.8092,5.7892,-6.3590,-2.3248,3.7445,-9.6893,-1.5969,2.9880,-2.4517,-0.7542,4.0534,-5.4420,-2.0375,5.8203,-12.6558,-0.3543,8.0445,-6.3135,-5.8203,-3.3327,-19.6133,-2.1237,5.6671,-8.2744,0.3807,2.2697,0.4477,0.5459,2.8012,-5.6671,-0.5770,2.8276,-6.3949
2.7222,-1.8268,-19.6133,-2.8802,4.2689,-16.0603,-2.4421,1.6735,-2.1380,0.3903,4.3574,-1.2953,2.0255,-11.8657,-19.6133,0.2059,3.5243,-1.0127,0.3376,3.5123,-6.1220,1.0846,4.0462,-14.9925,0.3998,6.7612,-10.5608,-1.3791,5.6383,-7.7620,-1.2450,6.9887,-9.4619,-2.0016,6.3518,-6.9719,-0.8739,2.0949,-9.1602,-7.1682,8.7795,-7.8841,-1.5347,-0.4860,-4.3024,-0.7207,6.8785,-6.7636,-1.2713,6.9264,-5.5091,-1.6807,2.4134,-1.6065,-1.7885,6.7636,-19.6133,0.1245,2.7892,-3.2417,0.3448,1.7813,-2.5809,1.0439,1.9680,-3.4022,-0.6512,5.4061,-7.2161,-1.9513,4.6424,-9.3398,-1.2761,2.8922,-4.4915,0.6967,4.5849,-2.4277,1.3312,2.1883,-5.1404,0.1293,3.8307,-4.9440,0.0551,7.0677,-6.9959,-1.2306,1.7980,-2.9664,-3.7014,14.3508,-17.7291,-1.5658,8.7628,-14.4179,-0.1987,6.7660,-6.0071,-0.4764,6.1363,-6.3662,-1.1803,7.6782,-7.6782,-0.5938,6.2537,-6.2920,0.3903,3.7637,-7.3789,-3.1316,1.3551,-1.1516,-0.8906,2.4373,-9.5888,-3.7852,9.5768,-10.4244,-0.8236,9.0549,-6.5314,-2.1787,19.6127,-3.6775,5.7509,5.4492,-14.9805,3.2561,1.8747,-6.7732,0.3567,2.8970,-6.4141,-4.3910,1.5443,-6.9743,-0.4621,1.6137,-4.0223,2.3176,2.9880,-5.4851,0.5986,4.0270,-8.0158,-1.8651,3.4285,-7.3981,-1.1181,3.9792,-8.7628,1.3575,3.3902,-8.2935,-1.2282,4.0606,-7.6686,-0.0694,4.3072,-8.8155,0.3663,3.3160,-9.0477,-0.7494,3.9313,-8.6766,-0.5052,4.7477,-8.3127,-0.7805,4.6807,-8.3414,-0.3543,5.0637,-8.3606,-0.7398,5.0829,-8.1642,-0.8882,5.0973,-8.1211,-0.7398,5.0853,-8.1523,-0.7925,4.8722,-8.0230,-0.7350,4.3598,-8.9423
-0.6608,4.7022,-8.3055,-0.7135,4.9321,-8.0924,-0.6393,4.7190,-8.2744,-0.7254,4.8722,-8.2025,-0.7925,4.8147,-8.1690,-0.6656,4.8267,-8.2289,-0.7542,4.7788,-8.2289,-0.6919,4.7573,-8.1714,0.5626,4.7501,-2.3774,-0.2538,4.4245,-5.8754,-1.1947,2.2553,-8.6095,1.2330,3.6990,-10.2137,-0.8212,5.1547,-5.7054,-0.3567,4.9249,-4.1156,-0.1460,4.8698,-4.0270,-0.8332,5.1619,-4.3359,-0.7877,3.6320,-5.1451,-2.1045,2.0662,-8.7053,-1.6520,3.2178,-9.4068,-1.3503,4.1492,-9.4092,-1.1061,5.8897,-8.2863,-0.0215,4.9943,-7.2544,-0.9385,5.4588,-6.6918,-0.6009,4.5155,-6.0621,-0.8619,4.3359,-7.3263,-0.8380,3.0526,-6.3015,-0.7207,5.5498,-8.3534,-0.4764,5.0135,-7.8482,4.2808,0.1676,-12.7036,-1.5538,5.8538,-7.4124,-1.7071,4.7956,-5.9879,-0.0766,3.7900,-6.5553,-1.4892,2.6671,-9.0453,-1.8890,6.2656,-4.3886,0.1341,-1.1851,-19.6133,-2.8515,10.1778,-8.0732,-0.5818,6.3039,-4.0318,0.2993,3.9361,-4.6160,-0.8092,6.0932,-6.2920,-1.6281,5.7796,-6.2273,-1.5227,6.3183,-6.6798,-1.0463,6.1579,-7.3813,-0.9744,5.3941,-8.0517,-0.7135,5.2840,-8.0230,-1.2306,4.7022,-8.5617,-1.0463,6.0238,-7.2903,-0.6201,4.8411,-7.8219,-0.6632,4.0079,-7.7021,-0.9290,5.2265,-6.5481,-1.1947,4.1779,-6.8905,-0.7494,4.0989,-7.1802,-0.1963,4.3670,-8.5928,-0.6560,4.1755,-8.7005,-0.5052,4.9344,-8.2265,-1.1109,5.1140,-8.0397,-0.6393,5.0996,-8.2097,-1.0846,5.1164,-8.6431,-0.9649,4.9823,-8.1642,-0.7685,4.6088,-8.1044,-0.8739,4.8507,-8.1690,-0.6943,4.9081,-8.1954,-0.8068,4.7501,-8.3151,-0.7925,4.8578,-8.2265,-0.8212,4.7525,-8.1666
-0.7853,4.7956,-8.2241,-0.7350,4.8387,-8.1714,-0.8523,4.8291,-8.2145,-0.8260,4.8842,-8.1139,-0.5028,4.0270,-9.3901,-0.9242,5.3295,-8.4539,-0.9673,5.2457,-8.6957,-0.6680,4.5203,-8.3270,-0.7973,4.9177,-8.2408,-0.6847,4.8147,-8.1187,-0.8260,4.4700,-8.2576,0.1269,4.8674,-6.4284,-1.7597,4.6902,-9.0764,-0.2107,4.9895,-7.7668,-1.0558,3.2633,-9.3877,-2.0255,5.6312,-9.2057,0.1772,3.8738,-13.0269,-0.1173,1.7597,-14.4538,-0.6177,2.2410,-13.9199,0.3448,5.1787,-8.8801,-1.7645,3.0382,-8.6646,-0.3783,4.4819,-6.3734,-0.5842,5.4061,-8.5952,-0.5531,4.2545,-11.8441,-0.5626,4.1851,-12.9909,-1.4461,6.8307,-8.7819,-0.7590,6.5577,-9.1315,-0.0263,5.0781,-6.0478,0.2514,1.9848,-10.4890,-1.9992,7.3478,-8.1570,-0.7470,3.7804,-7.9033,-0.0718,4.2329,-9.9168,-1.9776,4.7214,-4.1061,0.1269,3.6200,-5.7868,-0.4310,7.5848,-3.7733,7.2185,-15.9813,-19.6133,-2.0135,11.5879,-0.2394,-2.4995,5.2457,-3.9935,-1.2402,6.6990,-8.6072,-0.6680,3.7254,-11.2767,-0.2298,5.2553,-3.7685,-0.2274,0.7230,-6.3566,-1.6017,2.6863,-7.7716,0.4764,4.2090,-5.7772,-0.9840,6.0645,-7.6064,0.7326,12.5648,-5.3510,-2.0063,8.1738,-2.5163,-0.8787,5.5785,-3.8451,-4.5298,0.4190,-3.2226,-3.1340,6.4643,-4.3694,-1.5443,11.5353,-4.3215,-1.8651,8.9543,-17.8129,-0.9960,2.5666,-13.3716,-1.3168,3.4022,-5.7652,-1.4724,9.6893,-7.9823,-1.7765,8.7628,-6.5625,-1.1420,7.5800,-5.7054,-1.6855,7.6662,-4.8291,0.0982,6.6176,-7.6471,-1.0439,6.0501,-7.0270,-1.1492,5.2050,-8.6479,-1.6951,6.1794,-7.3885,-1.7310,6.6032,-7.7189,-1.0032,6.2034,-7.1730
-0.1556,3.5841,-7.4124,-0.4788,5.0949,-7.3478,-1.6089,5.7485,-7.9727,-2.0973,6.7325,-8.5114,-2.5019,6.3925,-7.5872,-1.1803,6.7349,-6.1220,-0.9122,5.1164,-6.5697,-1.4676,5.5952,-7.0174,-1.5323,5.4660,-7.0150,-1.6352,4.1228,-9.7085,3.1053,-1.0558,-18.6484,-0.5004,4.3479,-6.9767,-2.6097,5.2361,-4.8195,-3.2681,6.3973,-4.3694,-0.2873,7.1180,-4.2282,-1.9872,-5.7245,-3.8116,-0.4070,2.5570,-19.6133,-1.6209,8.5712,-7.8985,-0.6225,3.4620,-3.8259,-1.7909,8.8825,-8.7915,-1.5395,2.3750,-4.9632,-0.0503,1.8890,-6.0454,0.0982,3.3423,-5.0637,-2.4301,6.8905,-6.0645,4.3479,-2.6504,-19.6133,2.3343,5.6814,-19.6133,-2.0853,4.5322,-3.8283,0.5076,3.3303,-3.8547,2.2673,-10.0700,-19.6133,-2.5738,2.1308,-3.0646,-1.2713,2.5474,-2.0183,-0.9074,4.8411,-5.2672,0.9912,3.4884,-7.2257,-0.1101,5.0781,-9.0285,-1.1349,7.4077,-10.2280,-0.7661,5.0063,-12.2918,-4.9105,5.1284,-2.3846,-1.7669,9.3996,-15.7060,-1.5897,11.4299,-9.6702,-2.4373,7.4101,-4.6495,0.7446,6.7086,-7.1012,-0.2322,1.2665,-19.6133,-3.4069,9.9048,-4.0797,-0.9984,4.5394,-10.4603,-0.1030,4.1132,-13.0843,0.0886,5.7150,-11.7819,-1.3096,3.5961,-6.2058,-1.0487,2.4660,-9.5146,-2.9113,2.7773,-4.4796,-0.1820,3.9097,-5.2265,-2.4277,7.9727,-9.0118,-0.6943,7.1898,-3.5889,3.1077,13.7738,9.5960,-6.3758,7.1323,-4.9799,-0.7661,3.1005,-3.4500,-0.1772,3.8188,-0.9242,-1.3408,3.7637,-9.5289,-0.9218,4.1180,-8.7987,-2.1811,6.6726,-7.3909,-3.6559,8.1882,-3.3088,-7.2592,12.1745,-16.3811,-3.3926,5.6000,-5.6407,-3.2705,6.8618,-3.5554,-1.4413,3.2633,-5.7988
-0.4860,6.2704,-13.1106,1.6472,3.2705,-19.6133,-2.5594,5.8466,-7.7476,-2.7054,8.3055,-4.2234,0.3424,8.4779,-5.6647,-0.9194,-4.8267,-7.4986,-3.1747,10.9223,-14.6597,-1.5012,11.3198,-14.2455,0.8356,5.5833,-11.7699,-0.4956,4.6711,-6.0908,1.7861,8.4539,-10.2999,-2.2098,9.4020,-6.2465,-4.3335,10.0509,-9.6654,-4.0007,7.1730,-5.7676,-0.2753,7.0342,-2.9305,-1.9848,1.8699,4.5657,0.3639,5.5474,-7.7189,-1.3551,11.6478,-15.9813,1.1420,6.1172,-8.0876,0.1125,2.8347,-10.9918,4.2976,8.0349,-8.9519,-0.7470,2.9999,-4.4484,-2.0470,6.8522,-6.2752,-1.2378,7.6303,-4.1180,1.4964,7.0174,-1.6735,6.2704,0.4214,-19.6133,-3.8523,6.4356,-2.6169,-0.0431,2.3703,-3.0718,0.8116,6.6056,-11.4060,-2.1165,5.9496,-10.3549,-2.0111,6.5553,-9.6798,-1.9321,10.5943,-8.7747,0.6464,10.8194,-7.4867,-3.1843,-3.5075,-3.3686,-1.1229,1.8890,0.0694,1.1875,7.3215,-6.6008,-1.6257,11.4682,-17.9302,0.0431,6.1124,-15.5384,-1.3575,2.2793,-1.4365,1.0487,3.8906,-9.2129,-3.1220,8.7029,-3.3040,-0.7254,10.3573,-17.1209,-1.6472,9.4978,-7.7285,1.0175,7.8338,-6.2249,-0.2227,-2.7031,-3.8930,-1.2881,6.7229,-10.9774,0.1365,7.3406,-12.9431,0.0431,2.8012,-19.6133,0.6632,5.4277,-9.7468,-0.9218,8.1523,-8.8035,-3.7493,7.2664,-0.9960,1.7885,3.5530,-14.0611,-2.2960,6.0980,-6.2465,-1.1803,11.2958,-6.1627,-0.0239,17.7458,8.1307,-0.1628,8.3534,-10.2544,0.4717,10.0509,-10.6350,0.8882,5.0829,-5.2672,1.8387,2.1117,-7.4340,0.1365,4.0247,-7.0342,-1.3336,7.0437,-5.2241,0.5291,3.7541,-3.5027,0.8356,0.8691,-0.2011,1.0702,6.3949,-4.5490
-0.4334,7.1084,-7.0749,-1.8220,5.1954,-8.5641,-1.6041,5.3175,-8.7197,-2.2745,5.1092,-8.3773,-5.6168,9.7396,-10.6805,1.0894,5.9496,-3.9552,0.4717,4.1659,-2.4612,-1.5945,2.4756,3.6416,0.3400,2.6839,-7.0150,-1.1277,12.4594,-13.4267,0.2155,8.5090,-11.2025,0.0407,4.5059,-13.1226,-1.9273,1.5323,-2.1284,-0.6728,5.9089,-4.6902,1.0894,3.4572,-1.3791,1.8579,0.1413,-2.1332,0.8404,5.9256,-3.3567,-1.5802,-0.6632,-19.6133,-0.6464,1.9393,-4.4819,-0.5315,0.1365,1.1420,0.2418,4.1037,-2.9928,-1.7717,6.7995,-3.4477,0.4310,3.8259,-5.5043,0.2466,3.6512,-10.4267,5.4013,-2.2601,-19.6133,-0.7997,6.6583,-9.1147,3.4979,1.9992,-9.8426,0.1030,4.6112,-1.8675,-5.3822,1.0534,-19.6133,-0.9361,4.8147,-5.3415,1.0918,-0.1149,-1.2258,-0.3735,2.9329,-2.9712,-0.3496,4.8578,-8.2935,-1.3958,5.8107,-5.7652,1.3527,3.6320,-10.0341,4.1994,-2.1213,-15.3444,0.7374,8.2600,-9.0142,-2.3750,7.0485,-6.6822,-0.6776,7.1658,-5.3367,-2.1428,3.7254,3.6919,0.1772,8.5018,-4.4221,-1.1037,4.5083,-10.8218,1.0247,3.6176,-9.0884,-0.7542,4.5394,-8.8585,-0.5890,4.2258,-6.3470,-0.4214,6.1292,-6.2991,1.2498,0.3041,-12.5648,0.6009,4.0438,-12.5863,-0.7159,9.0261,-15.1074,-2.8108,13.6326,-11.5329,-5.1930,2.3248,-19.6133,-1.4772,3.4405,-3.9456,1.0295,-0.3184,-1.8124,-0.1053,1.8938,-5.4971,1.1612,5.0254,-6.1770,-1.8172,5.5593,-7.1922,-2.7174,5.3726,-7.3095,-0.1125,6.2560,-7.6136,-2.5546,8.2145,-3.7302,0.1173,7.6040,-9.4092,-0.7063,4.1372,-13.6637,0.6584,6.9552,-6.3159,-7.3502,5.5043,-19.6133,0.0862,5.1547,-14.8560
-0.0910,6.2249,-6.2776,-3.2681,2.6959,-11.7914,3.3088,6.6272,-19.6133,-2.0135,7.0725,-5.7461,-0.2849,8.9208,-3.3734,1.1995,4.0486,-1.1396,-0.7470,1.4724,0.7159,1.0127,0.5698,-6.8450,0.6991,7.9368,-12.3876,-0.9505,-2.0016,-6.6750,-4.1300,6.6846,-16.1249,-0.2490,7.0198,-8.4132,-2.1213,3.6272,-9.3398,-0.7398,8.3007,-7.1108,-0.6919,5.0877,-5.0996,-0.0551,2.4157,-0.5507,2.2290,3.6105,-10.7452,1.4533,7.1132,-2.8108,11.5592,-7.3526,-12.2846,-1.3958,2.8443,-0.1317,-1.0846,4.5945,-8.2744,-0.1389,4.8722,-5.8083,1.7286,2.8443,-11.7483,-1.5562,5.3582,-2.3367,-0.8188,6.7708,-3.8475,1.0942,7.0246,-5.2026,-0.4549,2.4924,-2.1572,-2.3439,9.5720,-11.7843,0.5578,9.6726,-11.3485,-1.4964,6.5649,-11.0923,0.1077,4.3958,-11.3389,-0.4525,5.1811,-9.2129,-0.7997,4.3239,-6.5170,-0.5555,2.3152,-6.5553,-0.9984,3.1603,-7.2712,-0.5531,5.6790,-4.3167,-3.2848,8.0086,-8.2193,-1.9465,6.9216,-10.3837,-1.1636,5.3750,-4.6280,-0.4573,-1.3503,-4.3574,1.3862,4.0438,-18.5191,-1.0750,4.3431,-15.2463,-0.7901,6.2034,-9.7995,0.0862,6.6176,-8.3366,-0.0527,3.8762,-7.3023,0.2586,4.0294,-7.3598,-0.5674,6.8785,-9.8043,0.8763,4.1587,-7.0557,0.8523,2.8850,-4.1922,0.4764,2.5594,-6.4500,-0.1269,1.1133,-7.6399,0.3232,4.6663,-6.6104,-0.9649,3.7804,-7.7405,-1.0678,4.4101,-8.8178,-0.3974,3.9576,-8.5473,-0.4788,4.5322,-7.5753,-1.2067,3.9744,-7.7309,-0.6488,4.1420,-8.0517,-1.0606,3.5027,-8.3079,-0.2394,4.6064,-9.4978,-1.0127,5.2122,-9.5170,-1.5490,4.2162,-8.2815,-0.5890,6.0406,-7.8745,-1.2019,5.1619,-9.7229
-2.2889,6.3758,-8.8346,-0.5171,6.1531,-8.3941,0.0718,4.1803,-9.5481,-0.9194,3.9073,-8.7293,-0.1197,2.9616,-8.2432,-0.0072,3.6105,-8.8969,-0.4310,2.5762,-9.4954,0.4190,6.3494,-14.3197,-0.5483,5.1284,-8.0349,-0.4693,3.7565,-8.0732,-0.1772,3.7445,-7.3310,-1.8387,6.3303,-7.5896,-1.6927,6.2776,-1.2641,-2.7222,0.8452,-5.9711,-1.4006,7.7405,-7.9272,-1.1468,4.4748,-8.8562,0.0814,5.1404,-9.5672,-1.1420,6.2130,-9.9790,-2.5355,5.6312,-9.8785,-0.2394,6.5577,-7.3670,-0.3448,1.3216,-8.4659,-2.5809,1.7789,-7.5369,-0.5004,3.8068,-6.4667,0.9864,0.7470,-9.6702,-2.7246,7.8458,-8.3103,-0.7901,3.5913,-7.5274,0.0838,3.4668,-8.8969,-0.6919,3.2848,-6.2944,-0.5100,5.1667,-7.2065,-0.6704,5.8419,-8.2887,-0.8380,7.3861,-7.7333,-0.6991,5.2960,-9.0094,-0.7542,5.8227,-7.3334,-1.1013,4.3335,-7.5465,-0.0934,4.4628,-5.5138,-0.2418,4.6040,-6.5218,-1.3575,3.8714,-6.4643,-0.9768,6.0717,-6.6319,-0.7230,5.6407,-7.3765,-1.5730,6.1028,-7.1036,-1.1875,5.4324,-7.9272,-1.0774,6.0358,-7.5465,-1.2139,5.4708,-7.8338,-0.8906,5.7293,-7.5058,-1.0151,5.4731,-7.8482,-0.9792,5.1691,-7.9272,-1.0702,4.8578,-7.9799,-1.2402,4.7836,-7.9057,-1.1301,5.5761,-7.8243,-0.8715,5.1356,-8.2408,-1.2163,4.9847,-8.1977,-1.0606,4.1851,-8.5281,-0.4812,4.5538,-8.2672,-0.7925,4.5729,-8.2672,-1.0271,5.1571,-8.0373,-0.9313,5.1451,-7.9631,0.9313,4.6184,-7.6591,0.3903,3.7373,-7.8314,-1.3216,4.8530,-8.6622,-1.3120,5.3558,-9.3087,-0.8356,5.2170,-8.9112,-1.0271,4.8985,-8.3390,-0.8954,4.8842,-7.9009,-0.1413,5.5522,-6.9384
-1.7478,6.1699,-7.3287,-0.7973,4.2066,-8.0637,-0.7973,3.5219,-8.3246,-1.4437,4.7357,-8.3534,-1.7549,5.6096,-7.5944,-0.7638,7.3095,-8.3127,-0.2203,5.6024,-10.4746,-0.5866,6.2034,-8.0206,-2.4517,4.5322,-6.1220,0.5171,4.9297,-9.0429,-0.0790,4.9416,-7.3023,-1.3599,5.3032,-8.6287,-1.4629,6.0118,-10.5465,-1.4676,6.0717,-9.2153,-2.8180,5.0087,-8.1211,-0.4764,6.7732,-10.9942,-0.7973,4.8004,-4.7549,-1.0511,3.1029,-6.1100,-2.1883,6.0717,-6.9695,-1.2689,1.9632,-1.7358,-3.2561,2.9688,-6.7588,-2.2338,5.4181,-6.0118,-0.5866,7.9176,-4.3670,-9.0285,15.0595,-19.6133,-2.5067,4.0989,-3.5291,0.9266,3.1556,-1.8100,-0.0694,1.6305,-5.3870,-0.9290,4.8698,-6.5841,-0.7709,4.5250,-6.2872,-0.5938,4.9823,-6.5817,-0.4908,3.4189,-7.7428,-1.4772,6.7205,-9.1459,-1.6017,5.3654,-6.7588,-0.1652,2.2194,-2.2889,-1.8483,5.1954,-4.9823,0.3089,7.2281,-3.7589,-4.1061,-3.7278,-19.0219,-2.1691,8.3869,-6.1292,-1.1301,4.9392,-3.1508,-1.1301,4.5945,-6.4332,-0.1556,4.1132,-8.9926,-0.7302,3.1005,-8.0804,-2.2434,4.8698,-9.0070,-2.1308,1.6712,-13.4794,0.7254,7.6782,-9.3494,-0.4693,4.8291,-8.0828,-0.5531,3.7589,-9.6271,-0.0503,3.7254,-8.4994,0.0048,4.6998,-9.1506,-2.2889,5.1978,-9.2249,-0.7015,4.9967,-9.0573,-0.0335,4.6926,-8.5617,-1.5969,4.9033,-8.4659,-0.7063,4.1013,-8.4396,-0.2993,3.9696,-7.5465,-0.5459,5.5641,-4.5298,-0.3448,3.6033,-4.5873,-1.4964,5.0254,-6.6487,-1.0918,2.8299,-10.7380,0.0862,2.0638,-8.6886,-1.7430,4.0270,-10.4675,-1.2617,3.1747,-8.8729,-0.7901,4.2713,-11.6574,-0.7829,6.3877,-12.8257
-0.7063,3.1292,-6.9145,0.5722,4.8746,-4.7429,4.5705,-13.2016,-19.6133,0.8212,8.5473,-1.0151,-2.0327,7.1946,-3.0861,-1.2234,5.8466,-6.7445,-0.1652,3.7397,-6.4500,0.3112,6.9576,-8.6598,-2.4134,7.1802,-7.8410,-1.2091,5.8586,-8.5497,0.4717,1.8579,-10.8529,-0.6009,2.8515,-8.0780,-1.0223,7.0988,-7.9679,-4.0845,12.4403,-7.1682,-0.6895,6.3877,-8.8681,-3.3854,6.8809,-5.2098,0.6393,2.1189,-0.0407,-0.3998,-1.2953,-12.0069,-4.2593,1.9058,-14.0540,5.3510,-3.9696,-16.3644,2.2936,1.6568,-9.2895,-0.1317,1.8220,-9.1411,0.2490,1.2905,-11.6191,-0.3352,1.5203,-11.6071,-0.9361,3.6200,-11.0373,1.0654,5.5569,-6.6272,-1.9393,4.7453,-5.9687,-1.9968,7.2257,-4.1348,-3.2633,-4.2952,-19.6133,-0.4932,4.6448,-0.0168,-0.0814,-2.6983,-11.8776,-1.9249,0.4669,-6.2848,-0.4932,4.0677,-8.4539,-0.7901,1.0247,-12.6222,0.1844,3.9959,-3.2609,-1.3982,8.2648,-2.1428,-1.3647,5.2289,-5.0326,1.6712,-1.4629,-12.3469,2.0016,-5.6216,-19.6133,0.0718,-0.3496,-13.2735,-2.0638,0.4046,-9.0357,0.2346,5.2481,-6.2321,-6.9552,11.0684,-9.6917,1.3886,4.9847,-8.5018,-1.0319,6.4931,-1.0271,-3.5219,8.9471,-3.2561,-0.8188,7.7309,2.0087,2.7390,-0.2705,-13.9630,-2.6288,0.3783,-18.7993,0.0694,4.1899,-10.3214,-0.1389,-0.6512,-14.0252,3.8068,1.0080,-19.6133,-0.8691,6.4500,-3.4093,-3.0957,6.7612,-4.3287,-2.1668,5.7581,-4.5490,-0.8045,-5.2098,-15.7778,-3.0047,3.0430,-7.6231,-1.4724,6.4284,-1.1779,-3.1125,12.1673,-15.1912,-2.8395,10.7284,-7.2329,-1.5850,6.6726,-4.6376,-1.1061,-13.9390,-19.6133,-1.2186,3.7661,-8.7652,-2.2529,3.9433,-4.9321
-6.5769,16.3380,5.0733,-6.3614,9.2225,-5.1523,-4.6088,8.9926,-3.3662,-1.4796,8.3462,-5.1212,-1.3240,4.4173,-13.6829,0.3831,6.1459,0.4238,-1.0582,5.7078,-3.6751,9.6438,-19.6133,-19.6133,-2.0710,5.5258,-2.3320,0.7302,3.0622,-11.1163,-1.1109,6.2369,-8.4156,-0.9960,1.5060,-3.5913,-2.9042,-1.9225,-3.9959,-2.9161,10.7763,-6.1052,-1.5060,9.2632,-3.3974,3.2681,11.5161,-1.7095,-2.3511,5.7102,-14.6789,0.3352,6.4069,-7.9320,0.0599,3.3088,-2.4373,-5.3247,9.0094,-0.1460,-2.9521,13.3860,-11.2695,0.3232,5.1140,0.1245,1.7406,14.2048,9.2416,-4.1946,9.2416,-3.9265,-1.5682,4.3096,-12.8521,-2.5642,11.6741,-1.9656,-0.2203,11.7483,-13.3477,-0.5938,8.1570,-1.1085,-0.5459,3.5626,-2.4948,-3.6464,2.9185,-8.6933,-0.9577,6.9647,3.3184,-2.0111,0.1077,-11.7053,-0.3352,4.6567,-18.3683,-0.4405,-0.0048,-4.7764,-2.0494,7.5226,-5.9065,-5.7940,11.4443,-6.9025,-0.0168,-14.4825,-19.6133,-2.6647,5.5474,-10.4986,-4.3694,-0.0120,-12.3182,-0.0192,0.9720,-19.6133,-3.8044,10.4507,-4.6112,-3.6248,7.3358,-4.0079,-9.2344,19.6127,-4.3144,-2.6193,10.3238,-2.5474,-6.7684,14.3437,-5.6431,2.4205,2.0183,-13.0532,6.9791,-4.6280,-16.6110,-0.7757,1.9010,-2.4445,0.3543,2.8084,-4.1827,9.1506,-19.6133,-19.6133,-1.4988,5.9113,-2.2194,4.6807,-9.9407,-19.6133,-0.5004,4.0127,-5.4923,-3.3088,15.4234,-9.9096,-2.5450,7.5369,-5.9544,-1.9824,4.5705,-4.5274,9.1387,-19.6133,-19.6133,2.3320,12.4115,-6.2584,1.2067,11.5233,-2.4014,4.6974,-1.1109,-14.1497,-7.0701,17.5519,1.5036,-3.4884,13.8169,-5.4731,-1.7454,10.8888,-5.0566,-2.6911,-6.5601,-19.6133
-0.9816,7.1228,-5.2050,-0.2227,4.5370,-1.5467,-1.4246,3.5602,-0.5698,1.8220,1.3312,-3.8307,0.6345,1.1995,-13.7738,-1.9201,4.2952,-5.0589,-2.6983,5.4684,-5.6048,-1.6305,-1.2809,-6.4165,-2.1021,9.2153,-5.0637,-0.2394,10.4938,-6.4883,1.0654,19.6127,11.2599,-5.1763,4.6687,-0.3783,-2.1500,5.6886,-0.0120,-3.5698,5.7964,-19.6133,-2.6312,11.9135,-6.4428,-0.8835,7.7045,-3.5291,-0.7039,5.2409,-1.9369,1.2498,-3.6847,-11.9303,-0.4525,5.8371,-6.8642,0.3711,2.7461,-3.8810,2.0542,2.3439,-5.2241,-2.4301,7.6974,-6.2704,3.7014,-9.6367,-19.6133,-2.9066,12.5073,-0.3017,-2.2242,1.5203,-11.2647,-0.6608,2.6312,-19.1297,0.1221,3.2753,-13.2160,-7.1251,11.2934,-6.2225,-3.1603,11.3389,-10.0389,-1.7933,5.6790,-6.5984,-1.3862,14.2000,5.5067,-0.9577,11.7914,-8.3103,-1.1971,8.1642,-4.4819,-0.2394,5.5426,-8.9328,-1.5730,4.3646,-5.8035,-6.2225,8.9998,-8.8585,-1.4198,10.8002,-9.8713,-0.0359,5.9807,-4.6639,1.2929,-0.9002,-6.6870,1.3815,0.2897,-19.6133,-1.1779,8.5234,-6.6248,-1.7454,8.4946,-4.1492,-1.1468,6.9863,-4.4412,4.6711,-1.5299,-7.6327,-0.7350,6.3159,-1.7789,-5.0661,1.4557,-7.1730,-2.4325,11.1067,-2.2601,-2.7174,8.1523,-0.0455,2.0087,-0.5219,-11.1043,-0.1844,2.1883,-6.0980,7.0820,1.4988,-13.7092,-1.0558,5.3534,0.0215,-2.6719,5.6982,-5.4444,8.4970,-19.1440,-19.6133,0.0694,5.2361,-3.9887,-3.5961,10.6734,-2.8563,1.1037,-2.6408,-13.5919,-1.0702,1.1564,-9.5146,-1.3455,11.1642,-17.9733,-2.8635,12.4307,-6.7086,-0.7183,7.3598,-5.5474,-3.4022,10.6590,-3.2753,-1.7071,10.4411,-4.2832,-1.2929,5.2720,-4.2353
-1.1229,19.6127,11.5808,-2.1380,12.2846,-2.9497,0.3831,2.9951,-7.5058,-2.3056,10.6494,-4.2713,1.9561,-1.6209,-8.1307,-2.5929,10.2711,-7.5681,-2.1213,9.5744,-4.7860,-6.5577,19.6127,6.1052,-2.4397,7.7692,-2.5139,2.2458,5.3271,-10.9846,-3.1268,6.9552,-7.4029,0.1053,3.7781,-7.0605,-2.0063,7.3454,-4.5203,-1.6257,7.7883,-4.1707,-6.7804,19.6127,0.7853,-2.3415,7.5226,-3.8714,-3.8595,8.9280,-6.0645,-3.1029,8.7604,-6.9671,-0.8930,5.8299,-2.1739,-1.5586,7.4723,-3.5913,-2.2386,0.9313,-7.6279,-4.3407,12.5672,-3.0382,4.0175,-7.0509,-19.6133,-1.9178,4.9321,-7.1730,1.7430,-3.1101,-19.6133,-1.1684,3.6105,-4.5035,-1.7262,5.5929,-2.3248,-1.3096,6.7373,-2.3415,-2.5067,9.7995,0.7997,0.2298,-5.5330,-19.6133,0.6847,5.5641,-8.3749,0.1006,-4.4652,-5.6767,-3.0813,9.9359,-8.1139,-0.9122,9.5265,-5.8299,5.8778,-14.7219,-19.6133,-1.8411,10.9607,1.9010,1.5251,-10.8002,-19.6133,-3.6990,6.0956,-10.8745,-3.9504,9.7492,-6.5697,-2.7677,6.2680,-4.1396,-3.4093,0.9266,-10.6829,1.4509,-0.4262,-11.9495,-0.9984,5.7748,-3.8714,0.2993,8.6646,-6.3590,3.8762,2.7222,-2.6073,-0.7997,5.9711,-1.0774,-2.5666,9.5600,-6.0908,1.8507,9.3685,9.3206,-3.8020,15.1457,-8.7484,-1.3144,6.3255,-10.2855,-0.8715,6.9001,-8.7221,4.9033,1.9393,-19.6133,-3.1364,8.9280,-6.7109,-0.4693,4.9680,-2.2984,-0.9720,-12.1458,-19.6133,-1.6616,6.8067,-5.5186,-1.5897,11.6382,-4.7788,2.3798,6.8043,-8.0972,2.1572,5.5522,-6.4739,3.5362,-0.3974,-8.5617,-1.2115,7.4555,-5.5545,-2.8563,7.2880,-5.5138,-0.0910,-0.0455,-9.1435,-4.2425,0.3974,-10.6662
-0.0144,8.5114,-7.4316,1.1372,-0.2825,-12.9502,-0.8068,2.9856,-11.4706,-0.8835,6.6295,-2.6600,-2.6504,5.7269,-5.6671,1.0127,-0.5148,-9.3829,-0.4334,11.9255,-7.3167,-3.7134,10.6255,-6.3135,-1.4844,18.5383,15.4067,-2.6576,1.7526,-6.2608,-1.3360,5.6814,-5.5809,-1.6065,7.9057,-9.1291,-6.0430,5.9113,-4.1946,-1.7789,8.5353,-8.2935,-0.9194,9.8569,-4.0749,1.1325,6.9599,4.1875,-2.7677,7.7859,-3.3303,-1.5323,3.5913,-3.4046,-0.0527,6.4596,-4.2066,1.0151,-2.1835,-6.9240,-1.1157,13.4578,-10.1107,-2.1021,9.0094,-7.2065,2.3655,-14.4035,-19.6133,-0.3519,5.1954,-10.8170,-3.4405,10.6063,-0.4836,-1.5083,5.6910,-6.9384,-0.7446,2.6288,1.9561,-0.1652,3.8810,-2.6312,-1.0798,8.7795,-7.4268,-0.0742,12.9215,12.4091,-1.9201,5.4037,-3.1173,0.0718,8.6790,-6.0501,-0.7661,3.9145,-12.7850,-2.6145,8.2720,-7.6519,-2.4565,6.2608,-4.6471,1.8076,-1.8316,-11.4658,4.3215,-12.0357,-19.4888,-1.6544,3.9456,-5.4516,1.1708,5.6886,-8.4396,0.0431,4.7788,3.5602,-1.9872,7.2018,-2.9401,-2.3918,8.2361,-5.9711,-3.0095,-4.0031,-13.5703,-3.7014,1.6137,-9.7683,-1.3336,5.1404,-1.2737,-6.9671,6.7181,-1.7669,-5.8634,11.4347,-9.3757,-3.0311,6.3351,-4.0031,-5.0661,19.6127,5.7485,-2.2122,8.1307,-1.7526,-1.3791,8.0182,-10.2376,-1.0319,7.3741,-4.5562,5.1834,2.3224,-12.0931,-5.4157,7.3023,-3.5410,-0.8523,6.0047,-1.1732,1.5083,-19.5151,-19.6133,-1.7717,3.4261,-7.6854,1.7190,-6.4763,-14.7962,1.7166,-1.8052,-8.9280,-0.4597,-1.4150,-10.6853,0.6847,3.3926,2.0830,-1.4748,8.3510,-4.5753,-1.7454,9.1267,-7.5154,-1.2977,0.4094,-15.3325
-2.9425,9.0836,-4.5610,-2.2482,6.6583,-2.0303,-5.4636,-1.9441,-14.2144,-2.5762,2.8419,-8.8274,-2.1763,6.5146,0.6776,-1.7597,4.8435,-6.8187,0.2059,5.4492,-3.3064,-0.5243,5.0757,-4.3167,-2.6815,2.4756,-2.5929,1.2426,3.5027,-3.1508,-1.3623,-2.6169,-15.7491,-2.8276,5.8012,-7.1395,-2.3894,4.6663,-3.4189,1.6281,3.4596,-5.8945,-1.6712,7.8243,-6.6272,-1.4269,-8.4132,-19.6133,-2.8132,13.5416,0.2442,4.4221,-9.4786,-19.6133,1.2282,-1.5634,-12.2942,2.7869,1.3503,-11.5903,-0.7254,7.0030,2.6839,0.7302,5.0254,-2.2601,-3.2489,-2.1261,-11.4946,-0.4741,4.4963,-5.9113,-1.8771,9.8474,0.6177,0.7278,7.0318,-10.8122,-1.1181,4.3048,-9.1075,2.7845,-5.5210,-18.0283,0.2610,4.4317,-3.2082,-1.0918,7.2640,-6.6846,0.1963,-8.1259,-19.6133,0.1772,5.8849,-4.0079,-1.9561,5.5641,-3.5985,-0.6393,2.2003,-10.1442,-0.0694,5.2002,-10.2208,-6.9767,8.7532,0.2466,-4.7525,12.1793,-8.9711,-2.4708,9.9647,-4.9392,-6.1268,-6.5984,-19.6133,-3.0550,5.2026,-8.5856,-2.5211,4.0007,-6.1507,-2.3200,5.9879,-3.5602,-1.8723,0.3615,-6.9097,-0.8643,6.1986,-5.4013,-2.9018,10.4220,-6.1507,-0.3256,19.6127,2.2817,-1.8962,7.4340,-5.8945,-0.3472,7.3717,-9.0812,-1.4676,5.1571,-1.5610,-1.7334,0.9194,-7.7381,-2.6073,9.6151,-6.4907,-0.9697,8.6622,-5.3726,-8.5090,5.2696,-10.8649,1.9369,9.3158,-9.2512,-6.7900,10.1323,-1.5562,-2.7054,1.8292,-19.6133,-0.0479,5.1451,-2.8323,-1.9154,9.1650,-6.3159,-2.2793,6.1387,-4.5514,-0.0694,1.2713,-9.5553,0.0192,6.5841,-5.7389,-3.6631,6.9121,-5.9544,-4.5131,9.1913,-7.9823,-3.0430,5.2936,-11.6957
-2.5163,8.8897,3.7254,-1.4700,4.0821,-6.0549,-2.0758,8.2815,-9.4236,5.7413,-4.0366,-19.6133,-1.9680,4.1731,-4.3551,-0.7326,6.7205,-5.8897,-4.3934,-5.6264,-16.2973,-1.4940,9.7755,2.3990,3.1556,-4.5131,-19.6133,-1.0319,2.9832,-7.9942,4.6974,1.8579,-7.0366,-1.7837,5.7509,-0.2658,-2.2577,7.8003,-4.9440,9.7229,-19.6133,-19.6133,-0.3424,7.6710,0.7398,1.3838,0.3903,-11.4467,-1.6592,2.9760,-10.9247,-5.8969,15.8089,-5.4109,-2.7198,8.1594,-7.8865,-2.1907,6.1316,-5.2457,7.2760,-19.6133,-19.6133,-4.5777,8.3079,-4.0845,-6.9049,15.1409,-0.0814,-3.7110,9.8665,-10.9894,-1.1923,2.7725,-19.6133,-5.4588,11.3940,-9.1171,-0.9864,2.9257,-1.3048,3.6320,-17.0467,-19.6133,-0.6249,5.7700,-7.8817,-2.8276,14.2383,4.3359,2.7581,-2.6959,-19.6133,0.4381,2.8395,-12.2487,0.3591,1.7478,-5.6240,-1.6137,8.4563,-3.6488,-3.3926,8.7747,-4.9560,-2.8395,16.0986,11.7531,-6.2848,5.3056,-4.0007,-0.8068,3.7134,-3.2441,-3.0119,7.0413,-7.1802,2.5067,7.7572,-3.7086,-0.2634,4.1037,-2.2170,-2.4205,5.7197,-2.2482,0.8236,0.8906,-2.0207,4.7549,-9.5074,-19.4625,-2.1213,2.7964,-5.2553,-0.9074,0.4693,-1.7406,-0.2777,3.3351,3.4046,-1.6496,5.6743,-2.9066,-1.2833,8.4132,-6.2944,-1.1061,5.3917,-11.4299,2.2889,-3.6655,-17.6357,-0.9649,8.6838,-5.0326,-1.3288,7.3909,-1.8220,-7.7309,10.8769,-3.7972,-3.9265,9.6822,-7.8147,-1.4772,8.0565,-3.5674,-2.0901,14.5256,10.2711,-1.1061,6.2417,-2.0614,0.2442,5.2792,0.2801,-0.1628,3.8403,-2.3152,3.8810,-1.3455,-19.6133,-2.2769,7.5106,-5.7820,-0.6488,7.6758,-4.7788,-8.8849,19.6127,0.5267
3.4285,2.8419,-4.9488,-0.7590,9.9168,-6.6200,-2.7078,4.4436,-4.9153,-0.4118,2.9784,3.9097,3.8978,-9.5768,-19.6133,-3.8427,0.3041,-8.5545,-2.2697,3.0358,-6.1890,2.0351,9.6271,-16.7211,-1.8986,8.0014,-6.4955,-1.6065,9.5648,-2.9257,-2.9951,-10.7164,-19.6133,-2.8706,10.9367,-4.9225,-1.3120,6.9935,-3.8499,-0.7614,6.3351,-6.7349,3.4884,1.5586,-18.0762,-2.0494,6.5457,-5.8323,-0.6440,3.6152,-4.2353,9.2608,-19.6133,-19.6133,1.5323,7.8937,-3.6990,-2.5139,6.1220,1.7166,0.8859,-3.9935,-16.5152,7.5106,-8.5066,-19.6133,-0.9385,0.6512,0.4381,-1.1229,4.8937,-3.7206,-1.0702,2.6576,-2.7294,2.4014,-3.8642,-8.5545,3.8523,-4.3766,-13.7427,-0.6153,3.0550,-7.8793,4.3000,4.4221,-19.6133,-3.3447,8.7987,-7.5800,-2.4612,7.1275,-2.2458,-0.1844,5.5545,-0.9553,2.7342,-1.8076,-10.0628,-1.3767,0.0407,-6.8690,-1.5874,5.6312,-1.1588,1.5706,8.1163,-15.4258,-2.5714,10.0916,-4.5370,-1.6807,10.5608,-5.5929,3.7613,-11.5760,-19.6133,-1.3168,9.7444,2.7916,2.8467,-6.0813,-17.8248,0.4262,0.8571,-7.5944,-7.2305,6.7038,-3.9696,-2.8754,13.2112,-8.9112,-2.3870,6.6750,-2.7677,-3.6344,16.8672,-6.4715,-2.6624,5.9328,-6.1028,-0.9864,4.7908,-2.1213,1.7166,1.2737,-15.8592,0.3256,4.3359,-0.6057,-1.6185,4.2497,-1.5107,-2.3535,3.3303,-2.2984,1.5371,9.6031,-2.1237,-3.6057,6.5338,-0.4046,2.5450,4.3790,-15.2415,3.1005,5.4947,-14.5160,0.4262,4.6855,0.2322,-0.6704,3.7757,-1.1372,-0.6704,5.3678,-5.2601,1.9441,1.3240,-12.6031,-2.8587,2.4110,-7.7692,0.6033,4.2713,-8.8753,1.3001,5.9544,-11.2719,2.3774,1.3623,-7.6734
-4.0438,4.2258,-7.7333,0.6009,4.4867,-6.7038,0.9529,0.0934,-7.2927,-1.9106,5.8826,-5.5162,-2.8802,8.7269,-7.4579,-0.7135,8.2480,-3.3615,-1.4365,6.4524,-6.4165,-2.2338,4.5729,-1.5658,-2.8874,7.1036,-3.8092,1.5826,8.1427,-16.1800,-3.2872,6.5745,-4.4819,-0.4980,8.2648,-5.4947,-8.3127,-1.6735,-16.2207,-3.1915,7.8841,-5.6551,-0.8452,8.6215,-4.6974,1.8771,0.2801,-9.7588,0.9960,-0.0335,-7.1874,-1.4581,1.0582,-3.8930,-0.3472,9.5026,-6.6176,-0.8715,10.4770,-7.1108,-6.2584,14.1641,7.7045,-1.9369,12.3254,-6.0597,-2.2482,4.9416,-4.0630,-2.7845,10.2807,-11.2192,0.1030,6.5625,-11.7100,-0.9529,6.1818,-0.9840,-1.7717,6.2824,-4.0606,3.6823,-10.7883,-19.6133,-1.1444,8.7652,1.2282,0.7757,-7.3215,-19.6133,-0.3017,0.4453,-7.2616,-0.5986,5.4971,-3.3064,4.1180,1.1037,-11.4994,-2.2913,2.7509,-4.6519,-0.6919,6.3375,-3.2298,7.1898,-18.5934,-19.6133,0.8523,7.3909,-10.9319,-0.5076,7.0270,-1.9034,-0.3184,0.6057,-9.2823,-0.2251,4.0031,-9.0836,-3.0263,2.4828,-8.7676,-1.0870,4.0127,-0.3903,-1.1851,1.6712,-3.7565,10.9511,-16.1896,-19.6133,-1.0343,3.5147,-3.0502,-0.8739,10.2975,4.4388,2.4205,4.9680,-7.6782,0.7278,7.8865,-9.4882,-1.9585,5.6455,-9.7348,-4.6591,10.8649,-5.2816,-3.6895,14.3006,-7.8314,3.2920,5.7126,-15.1984,-1.9585,6.2584,-4.2545,4.7166,-0.8045,-10.4842,-2.3343,7.3143,1.2689,-1.4700,4.6208,-6.1938,-4.3670,14.4251,-8.1235,-2.4636,12.4139,-11.3198,-1.2282,6.7445,-6.8019,-1.8196,7.6207,-8.0182,-1.0008,7.3789,-7.9559,-1.1372,7.7955,-8.2576,-0.4645,6.9504,-7.7452,-1.8675,5.5043,-6.8977
-1.3024,4.9249,-7.9320,-1.0678,5.6144,-7.6686,-1.2474,6.3829,-8.0325,-0.8571,5.7102,-7.7285,-0.3496,4.1084,-7.5944,-1.7717,5.4492,-7.3119,-1.0870,6.2584,-7.9535,-1.3527,6.7971,-8.5114,-1.4150,6.7947,-9.6774,-0.1844,3.6679,-5.2361,-0.0383,3.0837,-6.6367,-2.1308,5.9041,-7.3287,-0.7374,4.4460,-8.8202,-1.3168,5.7988,-8.3486,-0.6800,5.1380,-6.6295,-0.6416,1.8962,-4.5538,0.4118,4.5657,-6.7660,-0.4884,5.7269,-8.8705,0.5459,3.1675,-11.0875,-1.0391,4.9584,-4.9057,-1.1588,6.8378,-3.1723,-4.0630,-4.0462,-19.6133,-2.0470,5.7796,-3.9241,-1.0271,2.9473,-8.9950,-0.7374,2.5738,-7.7237,-1.4293,4.3958,-8.9136,-1.6161,5.5857,-4.9321,-0.6967,6.1699,-7.8027,0.4860,4.7812,-8.1618,-1.3815,5.6647,-7.1754,-1.7334,4.3096,-7.4053,-0.7853,4.9991,-7.5393,-1.7095,3.1196,-8.5042,0.3232,6.2082,-7.9104,-2.3200,2.6504,-7.6519,-0.3903,8.2456,-10.4555,0.6153,7.3598,-5.0063,-5.6000,-1.7214,-19.6133,-3.1532,0.7614,-2.0494,0.4884,-0.5100,-2.3320,0.0431,2.6432,-3.9049,-2.0351,5.1427,-4.6064,-0.9649,7.0342,-5.8275,-0.3591,4.9752,-7.5346,0.0838,7.0390,-8.4635,-0.3903,2.7509,-9.3398,-3.2872,1.9058,-6.3973,-3.7038,9.0597,-14.3461,-0.9481,7.4388,-4.9656,2.8060,7.4292,-1.3815,-4.3527,11.9710,-19.6133,-3.1173,8.4396,-12.0572,-1.8124,5.3654,-8.3366,-1.6544,4.6663,-9.7612,1.1492,2.3942,-6.7421,-0.1700,3.5745,-5.9472,-0.8212,-0.5483,-6.1794,-4.3167,12.6988,-13.5488,-0.3807,8.1379,-6.2249,-0.2945,1.9369,3.3447,-2.0494,5.8131,-12.2751,1.2378,7.6686,-14.4634,0.4142,7.2496,-11.3294,-2.4110,5.4588,-11.3198
-1.5706,5.9400,-2.9592,-3.3016,4.0462,-4.7525,5.7581,-12.1913,-19.6133,-2.0375,5.9233,-2.6959,-2.0470,6.5864,-3.7086,1.5850,4.7166,-7.1850,-0.6776,2.5714,-9.6175,-0.4788,3.8571,-8.9543,-1.0630,4.6735,-7.8937,-1.1947,4.1013,-8.4156,-0.1867,4.2377,-8.3486,-1.4509,4.6807,-9.3948,-0.7661,3.9959,-8.5712,-0.4429,5.2744,-8.7891,-0.8380,4.9201,-9.0884,-0.8380,4.2329,-8.1810,-1.1205,5.2720,-8.9423,-1.4796,4.9273,-9.6726,0.3352,5.3486,-7.6686,-1.3168,5.6647,-5.4684,-0.2705,5.0757,-4.7166,-0.3903,4.1755,-3.8164,-0.5100,3.5961,-4.9105,-0.9792,2.2146,-7.7788,-0.6680,1.8196,-10.0221,-1.0367,4.7166,-9.2320,1.1396,5.5091,-8.7388,-0.7422,6.9168,-8.3007,-1.0199,4.8004,-7.2449,-1.3192,2.7270,-7.4268,-1.3455,3.3902,-8.7508,-1.1756,4.3958,-8.7747,-0.6728,6.0717,-12.6414,-0.5315,7.0054,-11.7364,0.0670,5.8514,-11.5137,-0.7518,5.0135,-11.7651,0.4597,1.6472,-10.2352,-4.0797,8.3103,-7.8099,-0.2801,5.2074,-9.0932,-1.0439,2.9784,-7.4795,-1.3336,4.9823,-4.0869,-2.4517,4.8722,-8.6143,-2.7677,7.4268,-5.9640,-2.6073,4.9440,-4.6759,-1.7358,8.6910,-6.8714,-1.8890,8.9663,-11.4084,-1.0056,7.3765,-7.4436,-0.2825,3.7421,-6.1196,-0.2442,3.6224,-9.3206,-1.3479,6.3901,-8.0110,-0.4573,4.6280,-7.2377,-0.5076,6.0789,-11.5377,-0.5411,4.5753,-5.7341,0.4693,2.0853,-7.5369,-0.6632,3.5985,-5.1451,-0.5100,1.7789,-9.7157,-4.6400,6.9336,-5.4492,-1.9561,6.3063,-11.4108,-2.5546,6.9552,-6.1196,-2.9161,8.4443,-1.6520,-5.3151,14.7914,3.0335,-1.1708,8.3629,-6.2752,-1.6257,1.7861,-10.4459,0.3615,1.6664,-5.6168
-1.1396,4.4460,-7.2065,-0.5052,2.9425,-9.2991,-3.3639,9.2680,-7.4555,-1.9632,7.8578,-11.2456,-1.9010,6.7349,-4.2641,-3.2633,4.8578,-6.9599,-0.6536,4.8147,0.9816,-0.3496,3.5243,-9.5696,-0.1939,1.7262,-14.4562,-0.1053,5.5929,-10.7931,-1.5921,6.1363,-9.3494,-1.3958,5.0901,-11.6047,0.6345,4.4125,-12.0644,0.4238,3.7397,-11.5161,0.0718,2.3583,-8.5736,1.1660,2.2889,-5.0637,-1.6089,5.1906,-4.2737,-2.7318,8.0373,-10.7715,-5.0805,13.9055,-7.6351,-1.0630,5.9855,-6.3542,-0.2705,4.1683,-5.6575,-0.9625,3.1723,-4.9656,-1.0822,5.4899,-7.1084,-0.0287,5.7197,-6.1555,0.3855,4.5179,-6.3111,0.3232,1.7286,-6.6056,0.2203,2.2434,-8.3701,0.2083,4.9991,-3.6703,0.1125,3.8211,-5.8131,-0.7350,5.1811,-2.8036,-2.6001,-7.5537,-14.9638,-4.4987,9.4068,-8.5688,-1.6448,8.0469,-5.8993,-0.6225,9.4332,-5.2864,-0.4262,8.1786,-7.5705,-0.9266,4.9177,-10.9247,0.7997,3.7685,-6.0406,-1.0151,4.7501,-7.6207,-3.6057,10.2256,-2.8659,-0.0575,8.4539,-11.1354,-0.8954,6.7828,-6.8043,-0.1867,4.9416,-3.1627,-0.0192,6.8714,-3.8690,-1.0798,7.2233,-7.1706,-2.2721,10.1586,-10.3669,-1.5251,9.5672,-7.9799,-2.9712,9.3111,-10.1873,-1.7095,6.3207,-8.5497,-1.0271,5.3079,-10.0916,-0.8499,4.7740,-9.9096,4.2329,4.6328,-9.3541,-0.3783,4.1013,-11.2336,1.3168,0.9625,-7.1826,-0.2251,4.5131,-7.9440,-2.4756,6.7947,-9.2368,-1.5610,7.2856,-7.4843,-0.9433,6.5481,-7.3358,-1.6927,6.6631,-7.6064,-1.2737,6.8091,-7.2927,-1.3168,6.2106,-7.5872,-1.1923,5.3367,-8.0325,-0.6249,5.1739,-8.0517,-1.3623,5.6383,-7.6614,-1.1971,5.7030,-8.2217
-0.5962,5.1284,-8.5018,-0.8619,3.3303,-7.5537,0.1532,3.7685,-8.3007,-1.4365,5.7269,-8.1211,-1.4246,5.1140,-9.3254,-2.0135,7.1036,-7.8913,-0.1963,5.0709,-7.2999,-1.0534,4.7932,-7.9033,-1.3455,4.6160,-6.0430,-0.3352,5.0326,-7.3454,-2.3248,5.1380,-7.4340,-0.0766,5.6000,-8.8346,-0.2825,4.4819,-7.4843,-1.1660,2.4636,-9.9359,-1.2665,5.3558,-5.3295,2.9257,5.3439,-11.9351,0.3543,0.3232,-6.6942,-0.0527,4.9321,-7.0557,-2.0830,9.2895,-6.0501,-1.6017,7.0413,-4.6902,0.4597,1.5036,1.9201,-3.1819,12.7826,-9.1913,-3.4524,10.0293,-14.4634,-0.9098,8.3893,-10.4076,0.2322,4.4508,-11.1905,-0.7398,6.2776,-5.3822,-1.4317,6.7564,-9.1794,-1.0391,8.1211,-9.6462,0.0192,2.2913,-9.5098,-2.1404,3.0789,-4.9895,-4.2473,8.1068,-9.2201,-0.1724,8.9136,-3.7278,4.7214,2.2841,-4.6232,-3.0981,1.0008,-2.4373,-0.0910,0.8116,0.2203,0.2394,3.3710,-3.6344,-1.4868,5.8562,-3.9193,-2.6504,5.4803,-4.8483,-1.1037,7.3741,-8.8873,-0.6560,5.3223,-12.6246,-2.2649,2.7629,-6.2225,-4.1061,9.0668,-7.0246,-1.2330,9.4427,-5.8897,-1.3743,4.0342,1.9465,-1.0032,6.3087,-3.7302,-1.6089,9.3422,-15.0140,-2.1380,8.3103,-12.0692,-2.3224,9.1195,-8.7388,0.7350,5.1451,-9.7803,-0.9744,2.0710,-0.6704,0.7566,4.0677,-3.7373,9.7516,-16.2925,-19.6133,-2.2242,1.9489,-2.0518,0.8428,0.0072,-4.3910,0.2418,7.7045,-7.6207,-1.0750,9.2967,-9.1889,-0.8619,6.4500,-14.5448,-1.8292,1.5490,-2.6600,1.3958,1.8028,-1.0822,12.3900,-19.6133,-19.6133,-2.8970,3.5338,-2.9688,1.3695,2.7845,-5.8395,-1.9106,5.6623,-9.9982,0.3831,5.2696,-7.7357
2.0973,5.0949,1.9130,2.1596,5.3678,-18.5575,-1.4676,4.6328,-5.2457,0.1293,1.4365,-5.5138,-0.8332,4.3000,-6.3997,-1.2594,8.8633,-3.6296,1.2067,1.0894,1.1349,-3.2585,6.3758,-10.2520,-1.4150,10.8721,-8.6718,0.0503,2.8922,-1.0056,-3.2633,11.2575,-7.3023,-2.1500,7.2664,-6.1268,-0.7254,3.5458,-10.8960,-3.8906,8.9376,-6.2465,-2.9975,4.2497,-10.5417,-1.4054,1.8340,-3.6655,-1.8364,4.4077,-6.2345,-0.4788,10.2376,-8.2648,1.0989,7.1587,-0.9601,2.8252,-3.4285,-17.2813,-2.6959,4.8243,-8.0828,-1.4126,2.2362,-7.4220,-0.1939,3.5458,-5.1020,-1.9369,5.9448,-7.8410,-1.2019,2.8826,0.7063,-1.4581,5.1715,-16.9725,-3.2848,3.9720,1.0032,-2.2027,3.5889,-4.1659,1.3910,1.0415,-8.5904,-1.9465,1.7406,-17.3101,-3.8547,1.8555,-14.2359,-2.8060,5.4827,-11.5353,-2.5857,1.1779,-11.0109,-0.9409,3.8044,-8.2432,0.6752,3.9935,-8.4180,-0.2849,5.5569,-8.9902,-0.8428,2.0039,-8.9040,0.3232,2.5307,-6.5817,0.2538,1.1995,-9.9862,-0.2203,1.4078,-11.6813,0.2274,1.4293,-12.1314,0.7063,3.6200,-8.7125,-0.8260,5.1308,-9.0597,-1.4174,3.9002,-8.9735,-0.7542,5.0613,-7.5681,-0.5100,5.1667,-7.4124,-1.3527,4.2162,-8.0397,-0.3855,4.3311,-9.8330,-0.0503,6.0908,-7.5537,-1.3886,3.1556,-8.3438,-0.7183,3.4788,-7.8434,-1.3743,4.6136,-9.9455,-1.8148,5.8179,-10.6087,-1.0391,5.9137,-11.9447,-0.7638,5.9592,-11.6885,-1.5826,4.6400,-10.6901,-1.0343,4.6495,-8.8155,-0.3424,5.9352,-7.0078,-0.6153,5.5019,-5.9017,-0.6847,5.2361,-7.1970,-1.2234,4.1611,-6.7277,-0.7542,3.6464,-9.1961,-0.2729,2.2984,-6.4069,-1.4030,3.2178,-6.5888
-0.0551,4.6950,-9.8545,-0.1700,6.4212,-9.6726,-0.3352,5.6790,-10.2975,0.4214,4.6711,-8.5665,-1.0343,4.9297,-8.8418,-0.1891,5.9089,-7.8266,-0.6153,6.6679,-8.7412,-1.0511,6.0166,-7.9942,-1.7382,3.7086,-8.4539,-1.0223,6.1459,-4.0749,-0.3567,3.8642,-4.5873,0.2993,3.9624,-10.7619,-2.0686,6.9719,-8.2384,-0.4094,4.5801,-7.7620,-1.5706,3.9193,-6.1986,-1.3264,4.3886,-6.3351,-1.4174,5.2074,-8.2073,-1.9848,6.6248,-9.8043,-1.2091,7.7740,-11.6215,-2.0399,6.8714,-12.2368,-1.0415,7.8434,-9.9192,-0.7542,5.0757,-8.2935,-1.0654,4.7357,-6.8857,-0.6728,6.2800,-7.3023,-0.7374,6.4428,-9.9503,0.3950,4.4939,-9.5577,-0.6919,1.3360,-8.6957,-2.0111,10.4148,-9.7564,-3.4596,8.2169,-7.5633,-2.1356,6.5146,-7.3885,-1.3408,7.2640,-7.4867,-2.8898,6.4356,-1.4222,1.2929,5.1332,-19.4673,-1.3384,7.4148,-8.7317,-2.0853,4.2306,-8.9256,-0.6297,4.1707,-7.0413,0.7685,4.3503,-10.9463,-1.3791,3.6033,-8.7436,-0.7278,7.4555,-7.0581,-0.7494,3.9193,-8.7700,-1.8675,6.4045,-9.2919,-0.6608,4.6831,-8.1930,0.3376,3.8331,-9.1099,-0.7542,3.1939,-6.3303,-0.8380,6.8187,-7.8362,-1.2258,5.3678,-9.0309,-2.3655,6.6176,-3.4860,-1.1396,5.8347,-4.6974,0.4956,5.6000,-5.9616,-0.0718,6.1483,-7.7596,0.5914,7.2185,-4.9632,1.6376,2.8683,-15.7969,0.1963,2.1907,-7.0844,0.6800,5.4396,-8.2073,-0.7015,4.3479,-6.3805,-0.9912,5.4923,-10.0963,-0.7015,6.4811,-9.7516,-0.7877,6.7516,-11.2384,-0.5243,4.7357,-7.7093,-1.3838,6.7253,-5.9687,-0.9146,4.0199,-10.0820,-1.9872,5.0925,-6.2608,-1.7645,4.3503,-7.9057,2.6959,5.3486,-9.6965
-1.5850,3.5434,-8.5928,-0.5483,1.6328,-7.8985,0.0838,2.1811,-8.3989,0.0551,2.8635,-7.9703,0.0718,2.1739,-7.4627,0.9553,8.3222,-9.9144,-4.1946,5.3846,-5.8466,-2.7485,7.7740,-4.6591,-2.8084,15.3516,6.0573,0.9002,5.0494,-11.2216,0.5746,-1.2067,-12.4498,0.0000,3.3423,-13.5775,-0.9050,5.0374,-7.7668,0.2610,1.3288,-9.8713,-2.0853,10.7859,-9.0429,-7.0533,12.0907,-4.2329,-3.0430,8.8753,-10.1993,-1.0032,8.4420,-5.7006,1.8818,0.2227,-12.0261,0.3184,-7.4843,-19.6133,-1.5921,5.6647,-6.4739,-0.5052,3.1125,-3.7589,-0.8092,4.9464,-10.8625,-1.3408,3.0358,-6.0645,1.5514,14.2216,-15.3349,-2.8539,8.7412,-6.6272,-1.1061,5.0374,-6.0262,-0.1484,3.2825,0.2346,-1.8364,6.0621,-8.1642,-1.8986,2.5331,-4.3191,-2.7797,9.1099,-10.2352,-3.1364,1.0032,-13.6110,-8.7987,12.2152,-6.1387,-4.8626,10.5680,-7.3861,-2.8802,8.3893,-3.9552,-0.4908,10.6446,5.0446,-3.5985,10.9008,-5.4372,-2.3439,9.2536,-6.4500,-1.0295,6.5194,-12.7707,-3.8140,4.6304,-5.4492,2.0375,4.7118,-0.6488,-1.6759,6.8546,-2.4804,-2.2003,8.9136,-5.7844,-0.4621,12.1673,3.2202,3.2106,-0.5626,-18.2941,-1.9561,8.2049,-5.4588,-2.4756,6.1699,-3.9648,1.7717,0.2753,-7.7883,-1.7454,6.5936,-5.8395,-4.3886,10.9176,-6.7086,-2.0662,5.9472,-14.3939,-1.5467,9.5864,-3.2801,2.6671,2.2338,-14.5735,-0.1317,0.9170,-7.2401,0.9936,2.4421,-1.8124,2.6863,2.7916,-8.5760,-1.8962,5.1044,-1.3934,-1.8196,5.6144,-2.3320,-1.6448,2.9760,-9.2895,4.5538,-6.1483,-19.6133,-0.7805,6.1531,-6.2920,-1.4653,3.7637,-6.4811,-2.8635,5.9472,-9.3134,-8.2049,14.9159,-1.0463
-2.2098,5.9664,-3.3016,-0.0479,5.7293,-7.3646,-0.3232,8.3175,-6.8474,0.0407,12.2870,-12.6198,-3.2561,11.0373,-5.9376,-1.7310,8.0900,-2.9209,12.6988,-19.6133,-19.6133,-1.0822,7.7093,-4.0223,-1.4341,9.0309,-5.0206,2.0877,-2.8635,-14.8464,-5.2601,18.6125,-10.0820,-2.5594,10.8074,-5.4708,-1.2378,8.7388,-4.2880,13.2830,-19.6133,-19.6133,-1.3168,10.3932,-3.2058,-1.0582,0.4908,-13.2543,3.1316,-0.6704,-19.6133,-7.6950,15.7754,-1.1803,-2.7461,10.6398,-8.1810,-2.2769,7.4316,-3.9887,8.8202,-19.6133,-19.6133,-1.6352,4.6591,-3.4716,-4.7812,5.0446,-12.8257,-2.1141,4.8914,-10.9583,0.7805,5.1284,-0.2418,-0.4214,6.5027,-3.8092,-2.0303,8.5258,-6.4715,1.0702,-0.9912,-4.4987,-2.0734,9.8665,-7.9990,-1.5850,5.7964,-3.5769,-0.2945,8.5808,-3.7900,5.1858,3.2585,-17.5926,-0.7853,2.9712,-5.8131,-0.3903,2.7270,-4.5179,-3.5841,0.1269,-14.2335,-3.8738,10.8697,-0.2203,1.3767,-2.9209,-19.6133,-0.7997,5.0853,-11.5377,0.3496,3.1292,-8.5042,2.6887,-5.5234,-19.6133,-2.6169,8.2169,-5.9017,-0.3519,5.7269,-4.1300,-4.8363,16.1848,-16.6612,-3.5051,7.2089,-6.5625,-2.8204,7.0198,2.0590,1.5443,-0.2155,-14.2359,1.0822,4.4867,-11.0157,-0.2394,4.3311,-5.4468,-1.8411,6.9983,-4.9201,-0.6249,8.7125,-5.1739,1.3838,7.8985,-7.3287,5.0829,-8.1882,-19.6133,0.3280,5.6360,-7.1323,-1.1157,7.9200,-4.9297,-6.8043,12.2176,-5.6551,-1.2881,7.6854,-7.0342,-1.0343,7.5681,-4.1779,-0.1604,0.2849,-5.6527,-1.0870,1.2234,-14.7363,-2.2362,8.3127,-5.6192,-0.8260,4.0558,-5.9304,-3.2825,15.4378,-8.4827,-4.7692,13.4674,-8.4707,-2.2984,9.3518,-4.0079
6.3375,-6.2010,-19.6133,-1.4557,4.9368,-6.3638,-1.0080,6.4979,-3.2250,3.1005,-14.4777,-19.6133,-2.0734,10.0054,0.7614,-0.0814,-1.9752,-13.8696,0.3759,-1.7526,-19.6133,1.4054,7.5848,-19.6133,-1.8364,11.5592,-9.1219,-0.1173,7.2832,-5.0589,4.6687,-13.4075,-19.6133,-0.6273,9.9264,2.3224,5.0757,-6.6846,-19.6133,-0.4645,3.3878,-9.5816,-2.0063,3.1292,-9.1889,1.7549,2.3822,-5.9352,-1.4006,7.0390,-3.7086,-2.2266,4.9536,-2.8419,-0.3998,1.5251,-2.8539,-0.7733,6.8761,-8.6191,-2.4134,5.3008,-3.1029,-1.9130,11.5305,-3.2130,0.6512,5.4468,-8.4587,1.4700,5.0135,0.4070,-0.5818,6.2991,-2.0949,-1.0558,5.7700,-4.9440,-1.2594,-1.3024,-8.9423,-1.2378,5.7437,-6.1555,-2.2984,4.8961,-0.0622,-0.7278,3.8978,-0.0599,-0.3615,4.0486,-7.8530,0.4669,3.8690,-4.4484,-0.7398,1.7334,-8.3653,-1.1037,3.7828,-6.4165,-0.9002,4.0103,-4.7118,-1.4748,4.3886,-4.1755,-1.2713,6.3734,-8.3989,-1.6185,5.7389,-6.8857,-1.0606,8.0158,-8.7388,-1.1588,4.4005,-5.4516,-1.0439,3.7733,-4.9201,-0.9601,5.0685,-5.7772,-1.4030,5.4995,-6.3901,-0.9122,5.9951,-6.6415,-1.2594,5.9161,-6.7660,-1.1636,5.5378,-7.4699,-1.0032,5.2840,-7.9703,-1.4365,6.0118,-7.7740,-0.9266,4.5370,-8.7508,-0.8523,5.2888,-7.4795,-0.8739,4.6184,-8.4683,-1.3001,5.1092,-9.1435,-1.1899,5.5378,-7.0030,-2.0734,5.9903,-8.1379,-1.3144,5.4947,-7.8961,-0.2777,4.0294,-7.8027,-2.0183,6.0621,-8.2049,-0.0694,3.4836,-8.5832,-1.6328,7.0820,-9.0836,-0.1628,5.1380,-7.8410,-1.0319,5.1475,-7.2185,-1.2522,3.5769,-8.9423,-1.3408,2.6911,-9.4044,-1.1540,4.6112,-8.3486
-2.0231,7.6351,-8.7005,-1.3288,4.2401,0.0000,-0.1772,1.0678,-5.1499,-0.9577,8.0637,-7.3574,-1.5227,8.9471,-6.4596,-9.4954,15.6533,-19.6133,-2.9664,4.0294,-1.9704,1.0319,0.0575,0.7638,-0.0742,3.1963,-5.0829,-1.5945,6.4380,-11.3796,-0.8571,4.7022,-8.4922,-2.2027,8.2241,-5.8371,-0.1030,6.5601,-6.9288,-0.6608,6.6798,-8.1403,-0.2825,2.2721,-9.7899,-3.4860,2.1021,-4.7764,-2.6887,8.0637,-7.5369,0.2370,4.6448,-1.6257,9.5193,-8.2384,-16.6804,-3.3519,6.2417,-2.9951,0.1820,2.5786,-0.3783,-1.1684,3.5482,-3.6152,-1.5227,4.4748,-4.7621,-1.2929,2.8611,-7.4555,-0.1197,2.1883,-5.4923,-1.8364,4.6280,-6.6894,-2.8802,5.1020,-2.9688,-4.7597,10.1083,-10.2017,1.1612,5.7796,-4.4005,-1.9776,1.9465,3.2561,0.0455,1.9082,-2.5833,-0.8763,6.7660,-9.6654,-1.5754,8.0517,-6.4236,-0.9697,2.8491,-11.7364,-0.5171,8.5138,-7.4771,-2.2913,3.0287,-2.2601,-4.0366,11.6334,-10.9846,0.7063,7.9871,-7.7907,-1.1971,1.0271,2.6600,-1.9992,7.6040,-4.5945,0.2274,8.2217,-14.2287,-3.6775,9.5289,-11.1211,-1.3791,3.5769,-7.3957,-0.6752,8.5234,-2.8347,-1.0558,2.0063,-0.9505,-0.1269,7.4962,-3.0670,-12.0596,19.6127,-19.6133,-1.6999,1.0678,-4.9584,0.1365,-0.3472,-2.8922,0.8140,1.5490,-4.1252,-1.3886,1.0534,-5.6336,9.0788,-1.9680,-12.6055,-0.1269,1.7861,-5.2409,-0.9457,6.9623,-2.9856,-2.1117,11.3964,-1.4629,4.3694,1.1803,-11.1211,-1.0295,3.0167,-6.7397,-0.3879,7.2305,-4.9297,1.3934,5.0733,-7.7189,-2.4397,0.3232,-2.7653,-3.1149,11.4227,-4.8961,1.2019,8.7436,-5.6264,-4.2641,2.9736,1.0343,-2.5115,7.3263,-5.0350
-1.3288,2.0925,-3.8499,-0.9529,-0.3998,-8.3606,-0.4094,5.2768,-6.9432,2.2577,-3.3902,-14.2120,0.0096,1.7334,-14.0683,-0.4693,1.1492,-5.9089,0.2298,0.6273,-6.6511,-0.5148,1.8794,-6.7014,-0.6823,3.3782,-7.6902,0.2945,3.4668,-9.4068,-0.4214,2.8036,-10.1634,-0.7733,3.1963,-10.0820,0.1437,4.5490,-8.6694,-1.3862,4.4580,-8.1642,-0.6464,4.3742,-8.3390,-0.8691,4.6783,-8.2289,-0.3687,4.7932,-6.7756,-1.5586,3.9528,-7.9272,-2.1763,4.2760,-9.5744,-0.3112,3.8427,-13.3668,-1.3360,1.9489,-13.2926,-0.6105,5.5809,-13.1490,-0.2322,6.5769,-8.7197,-2.0231,4.4197,-9.6319,-1.1612,6.2321,-8.8322,-0.4190,4.8243,-9.1866,-1.5730,7.0006,-9.7851,-1.6807,7.2568,-11.1785,-1.2258,8.5090,-8.5593,-0.8978,3.4596,-11.6286,-0.8332,3.8188,-7.3598,-0.3783,3.0239,-8.3941,-1.2426,5.6312,-11.3940,-0.8308,5.5976,-7.3095,-1.5538,8.7628,-8.2839,-1.6616,8.7724,-9.5984,-1.6137,6.9863,-6.0334,1.1684,2.0638,-11.0684,-2.2003,10.0940,-4.1683,-0.9529,6.4572,-1.3647,-2.3343,10.0844,-5.4181,-3.0311,7.6231,-9.3374,-0.2466,6.1890,-7.5202,-1.6640,6.1531,-9.4475,-0.9409,5.4444,-8.5808,-1.2689,6.3351,-7.5226,-0.3591,3.8930,-11.1474,0.5818,0.4621,-9.5289,-0.2753,4.8842,-6.3997,-0.3543,10.4579,-7.4819,-2.4062,6.6798,-8.7963,-1.4030,7.8051,-5.1236,4.9799,-15.5743,-19.6133,-2.0734,8.2049,-8.8801,-0.6105,6.1746,-6.9073,0.1844,7.6758,-6.0765,-0.9529,6.6487,-6.0501,-1.8100,5.1643,-6.1363,-0.9816,3.8020,-5.0111,0.2107,3.2681,-8.1882,-0.1317,3.4381,-5.3271,1.1684,4.5969,-1.7190,-1.4796,4.1851,-6.9025,-2.6360,5.1858,-4.3694
-0.2969,4.1683,-7.3310,-0.4836,2.4014,-6.6032,-0.8547,3.6105,-10.5369,-1.1779,5.0949,-9.4164,-1.5443,6.3997,-2.8683,-2.1763,4.8818,-4.7405,-2.8683,6.9671,-6.1196,-1.0080,6.2680,-3.4309,-2.8108,6.9767,-0.0239,0.0694,6.6655,-9.4739,-0.4046,2.5809,-9.3182,-1.1971,4.4101,-11.4682,-2.0925,7.8171,-5.0709,0.1389,6.4284,-11.6215,2.2122,4.1970,-16.8241,-0.1628,4.9009,-9.5433,-1.6448,7.4101,-2.8659,-3.1699,4.9416,-15.8688,0.9218,7.8937,-5.0063,-2.6288,7.0557,-6.7900,-2.2577,8.8705,-11.4874,-1.1564,7.4747,-9.3230,-0.2490,8.3199,-6.2728,0.5291,1.2091,-9.3206,2.8874,-1.8411,-18.2103,-0.3160,4.8387,-7.2832,-0.8428,7.6950,-3.4524,-2.9233,-1.2785,-7.0366,-2.9209,9.1506,-1.5682,-2.8754,8.5377,-8.3318,-0.8404,4.9225,-14.1641,0.0287,5.5282,-8.5569,-0.4645,3.5817,-9.5122,-0.9242,9.7707,-8.5641,-1.0439,4.6088,-11.2360,-0.7973,4.8578,-3.9002,-2.9257,10.1466,-2.9497,-1.5419,7.7524,-4.4915,-1.1875,6.2249,-9.3948,3.4046,-1.4126,-19.6133,-1.3791,5.0542,-10.4124,0.3304,3.1101,-8.6933,-0.2107,0.8332,-11.2527,-0.5124,1.5658,-9.2680,-0.2945,6.3638,-7.2281,-2.4588,4.4436,1.4006,-2.0470,5.8778,-4.0965,-2.0662,5.9616,-5.0063,-2.4684,4.9728,-1.8244,-3.9528,8.7269,-3.9289,1.3120,4.1037,-8.4180,-0.1604,0.1413,-9.8665,0.0407,4.1061,-4.9488,-0.2083,1.0582,-7.5896,-0.2825,-0.0862,-6.0094,0.9122,5.5809,1.0894,-0.4549,4.6208,-3.3327,-1.6352,1.2905,-5.3271,-0.4597,5.2768,3.2346,-2.8228,6.9384,-9.2656,1.8268,1.9944,-11.5233,0.2107,2.1739,-7.1658,0.3208,1.1803,-4.8530,-1.0319,6.1890,-7.4843
-1.6951,-0.1030,-7.9224,0.3855,1.5036,-6.5003,-2.0063,9.1267,-2.3703,-0.4812,3.3830,-12.2439,-1.7717,9.9766,-7.0797,0.3304,10.0413,-5.2888,-3.1053,3.9385,-7.0868,-1.5323,9.3230,-8.3175,-0.8571,5.4444,-5.4420,1.9369,1.4030,-3.6416,0.7805,-0.9697,-16.4170,-2.4397,5.0278,-5.2864,-1.1636,7.6830,-6.0382,-1.5419,5.8610,-6.0334,-1.1301,5.8682,-5.1356,3.1675,5.1260,-19.6133,-2.5738,7.1706,-6.0837,-1.1109,6.7564,-3.4429,-1.9872,9.7109,6.2824,-2.3176,8.6766,-5.6192,-2.4995,2.9473,-8.3294,-1.1061,9.2440,-6.4883,-2.2075,7.1156,-7.1994,0.1915,12.1649,-18.6604,-5.7988,8.6981,-4.5155,-4.0127,9.1195,-4.2138,4.7214,-16.2040,-19.6133,-1.0295,4.7357,-7.3526,-6.4715,8.4420,-6.3925,-1.7765,2.0925,-7.0820,-0.4836,2.4397,-12.3780,-1.0534,13.7116,-14.5424,-2.4062,5.3510,-2.2936,-0.6847,7.1156,-2.2505,-2.3296,-4.5394,-19.6133,0.5818,4.8028,-8.6095,-5.9999,7.9224,0.1628,-2.1548,19.6127,-8.5090,0.5459,6.1268,2.9113,-1.1277,1.1396,-16.9150,-2.4948,7.1228,-4.0821,-1.5083,9.4403,-5.9520,0.4142,7.5920,-4.8674,-2.5283,8.2049,-2.1644,0.0168,10.2137,-5.4636,-3.3806,6.0310,-12.9024,1.0343,1.1899,-15.3492,-1.4485,3.9480,-10.0293,-0.6488,3.8188,-9.5672,-0.6584,4.2976,-9.1866,-1.1971,5.0829,-8.4539,-1.0032,5.2385,-8.2193,-0.8739,4.8937,-8.1139,-0.8978,4.9656,-8.0732,-0.9840,4.9895,-8.0828,-0.9242,4.9632,-8.1068,-0.9002,4.9392,-8.0876,-0.9553,4.9249,-8.1762,-0.9266,4.9009,-8.1307,-0.9122,4.9943,-8.0804,-0.9840,4.9823,-8.0828,-2.0662,6.4787,-7.2425,-0.9266,5.2074,-7.0246,-0.6608,4.3670,-8.0900
-0.8954,5.0973,-8.0517,-0.9385,5.1691,-8.0062,-0.9433,4.8411,-8.1810,-0.8308,4.8866,-8.0589,-0.9649,5.0733,-8.1666,-1.2282,6.6535,-6.3087,-0.8068,4.5490,-7.5609,-0.7494,5.4947,-7.0749,-0.7757,5.3127,-6.5410,-1.2977,7.4915,-9.2153,-2.5259,6.7636,-6.5673,-1.0343,4.8004,-8.3725,-0.9697,3.7254,-8.2384,-1.0367,4.3742,-8.1882,-1.0894,5.1092,-8.5760,-1.0965,5.1667,-7.9033,-0.8380,4.8435,-8.1642,-1.0511,5.0709,-7.9990,-0.9768,4.9297,-8.0278,-1.0702,4.9991,-8.0421,-0.9026,5.0111,-8.0182,-0.9888,4.9584,-8.1858,-0.9625,4.9967,-8.0565,-0.9457,4.9392,-8.1618,-1.0080,5.0087,-8.0876,-0.9409,4.9967,-8.1427,-1.0343,4.9632,-8.1235,-0.9744,5.0111,-8.1187,-1.0415,5.0135,-8.0780,-0.9768,4.9536,-8.0469,-0.9529,5.0422,-8.0589,-0.9553,5.0111,-8.0972,-0.9577,5.0063,-8.1068,-0.9744,4.9680,-8.1379,-0.9912,4.9752,-7.9895,-0.9553,4.9967,-8.1068,-0.9840,4.9752,-8.1283,-0.9505,5.0326,-8.1068,-0.9864,4.9871,-8.1499,-0.9744,4.9871,-8.1116,-0.9864,4.9728,-8.1044,-0.9529,5.0182,-8.1020,-0.9744,4.9632,-8.0637,-0.9697,4.9680,-8.1139,-0.9984,4.9033,-8.1834,-0.9625,4.9752,-8.0948,-1.0008,4.9919,-8.1044,-0.9697,5.0111,-8.0876,-0.9768,4.9752,-8.0541,-1.0439,4.9991,-8.0278,-1.0247,4.9656,-8.1139,-0.9505,5.0111,-8.1499,-0.9026,4.9560,-8.1044,-0.9673,5.0182,-8.1331,-0.9816,4.9823,-8.1403,0.0575,3.6272,-10.0844,-0.8404,4.5011,-8.2959,-1.0750,4.8842,-9.2153,-0.7805,4.8530,-8.7915,-1.1540,4.9536,-8.5832,-0.9912,4.9273,-7.8243,-0.9313,5.0637,-7.8626,1.2833,6.9887,-6.0047,-0.8715,5.9209,-7.8243
-0.9218,5.0901,-8.0828,-1.0750,4.8171,-8.0876,-0.8021,5.0350,-8.0661,-1.0439,4.9608,-8.1020,-0.8356,4.9536,-8.0685,-0.9625,4.9991,-8.1355,-0.9577,4.9895,-8.0948,-0.8882,4.9895,-8.1283,-0.9912,4.9775,-8.1020,-0.8787,5.0254,-8.0637,-1.0127,4.9823,-8.1762,-0.9481,4.9943,-8.1666,-0.9337,4.9488,-8.1211,-0.9218,4.9512,-8.0182,-0.9768,4.9871,-8.1475,-0.9601,4.9799,-8.0325,-0.9529,5.0326,-8.1187,-1.2450,4.7621,-7.4962,-0.7853,4.6017,-8.4659,-0.8380,4.8937,-8.2744,-1.1325,5.0566,-8.2145,-0.7254,4.9536,-8.2576,-1.0654,4.8937,-8.3534,-0.8930,5.0470,-8.1163,-0.9218,4.8387,-8.3079,-1.4198,5.5450,-6.9767,-1.1396,6.2441,-6.1675,-0.6416,4.2952,-7.3550,-0.8954,4.3503,-8.2480,-0.9242,5.4348,-7.8003,-0.6273,4.5322,-7.8817,-1.3431,4.8770,-8.0661,-1.2713,5.2505,-8.0732,-1.0439,4.9680,-8.1163,-0.6560,5.3199,-7.7644,-1.5850,6.0118,-7.3478,-1.6352,7.0126,-6.8019,-1.4653,7.2880,-7.5417,0.3543,4.9321,-7.7668,-1.2402,7.4508,-10.4459,-1.9369,5.7868,-7.0006,-0.4741,3.2394,-7.6184,-0.0742,1.7717,-5.8035,-0.6225,3.8044,-6.3375,-0.1221,3.0478,-4.8004,0.6680,3.5482,-7.0797,0.0599,3.2370,-10.7212,-4.2114,6.8881,-4.8985,-2.1045,8.0445,-9.5696,-1.0391,9.1746,-5.8897,6.0789,0.4717,-11.1019,-1.1181,5.1834,-1.4533,-0.3448,3.3423,-3.5674,-0.7709,4.2473,-5.6096,-0.7542,6.6846,-7.7309,-1.5730,6.2680,-5.5043,-2.0303,4.8052,-5.2625,-1.3288,5.0302,-9.8569,-1.2617,4.3215,-6.6056,-0.4094,2.0782,-5.5593,-1.2115,2.0494,-8.9280,0.6105,5.2218,-5.6503,-0.8835,-9.8857,-19.6133,-1.1899,4.3191,-2.7126
-0.2993,5.4181,-4.5442,-1.2977,4.5777,-9.1195,-0.5148,2.6624,-10.3358,1.3431,1.1420,-12.7348,-3.1819,7.5537,-7.6734,-1.0151,0.9577,-14.9350,0.6297,0.9577,-11.0301,-1.3264,1.2115,-11.6526,0.0790,0.1556,-12.7994,-3.5913,1.6951,-9.0764,-0.6321,2.1141,-8.8083,-0.2394,3.8403,-7.5465,-0.7638,4.3766,-8.0685,-1.2617,4.2808,-9.1459,-0.3807,4.5203,-8.1044,-0.6680,4.3766,-6.7971,-0.8380,2.5953,-7.7788,-0.8092,4.3215,-6.1627,-0.1820,4.4388,-5.0757,-1.8028,4.3120,-8.1427,-0.8452,3.7421,-8.6359,-0.2466,2.1955,-7.5633,-0.7494,4.1180,-7.0964,-0.8332,5.2505,-9.4930,-0.8667,6.7493,-8.3222,-1.6281,6.6439,-5.8514,-1.4269,6.9576,-6.4356,-1.6855,4.5681,-7.4340,-0.3041,3.0622,-11.9662,-0.9290,6.5338,-10.5153,-0.8619,6.2441,-7.7812,-1.8675,7.5130,-7.9368,-0.4812,3.7038,-4.1492,-0.7518,5.0757,-6.5074,-1.6161,3.4572,-6.4739,-0.9577,5.0039,-4.6950,3.2394,2.3128,-14.3724,-2.2027,7.8075,-3.8618,-0.0742,-0.0503,-5.8826,-3.4237,3.9528,-14.5783,-1.5012,2.0231,-14.7986,0.4405,4.0582,-7.4962,-0.9218,3.7350,-5.3486,-1.5036,5.2481,-5.6527,-0.6512,6.0956,-6.0908,-2.1332,6.1268,-7.0868,-0.9577,5.3941,-7.8434,-0.8595,5.1092,-7.9607,-1.6999,6.1842,-7.8506,-0.3926,5.0302,-8.3199,-1.5826,5.9496,-7.9847,-0.9577,4.8411,-7.3741,-0.6680,5.6431,-8.5904,-1.5107,3.7733,-8.9016,-0.8404,4.9560,-6.5386,-0.4381,3.6799,-6.9935,-0.5674,4.4508,-10.4579,-1.5467,3.8978,-8.8011,-0.4214,3.7661,-8.6957,-0.6823,4.1731,-8.2959,-1.1660,5.0159,-8.1786,-0.9768,5.6455,-7.7261,-1.2546,3.8331,-9.0477,-0.8715,5.2313,-8.3462
-0.8045,5.0135,-7.9392,-1.1277,4.9321,-8.1259,-0.9194,4.9775,-8.1092,-1.0726,5.0182,-8.0876,-0.9888,4.9680,-7.9799,-1.0367,5.0206,-8.0661,-0.9960,4.9584,-8.0780,-1.0247,5.0039,-8.1523,-1.0056,4.9967,-8.1187,-1.0223,4.9321,-8.0397,-1.0487,5.0709,-8.1092,-0.9337,4.9512,-8.1020,-1.0175,4.9512,-8.1427,-1.0223,4.9632,-8.1331,-1.0127,4.9728,-8.2073,-0.9864,4.9943,-8.0852,-1.0175,4.8890,-8.0996,-1.0127,5.0039,-8.1906,-1.0295,4.9488,-8.1570,-1.0367,5.0087,-8.0421,-1.0558,4.9871,-8.0972,-1.0151,4.9608,-8.1451,-0.5626,3.7804,-9.8258,-0.9385,4.9273,-9.0716,1.2282,4.5897,-8.2313,-0.8164,4.9775,-10.0916,-3.1149,2.9161,-7.8913,-0.8787,5.1811,-8.3606,-0.5818,6.5936,-7.0797,-2.2505,6.6367,-6.7732,0.0215,5.2170,-7.2927,-1.5993,4.6136,-7.5729,-1.0918,4.7118,-8.3486,-0.7302,5.2146,-8.2648,-1.3312,5.9616,-8.0493,-1.3144,6.8091,-7.9152,-1.8172,6.9216,-8.1714,-2.0207,6.2369,-9.4236,-1.8771,6.1603,-8.6574,-0.7542,4.6088,-6.9623,-0.6225,3.3639,-6.2537,-0.6321,3.8020,-6.2560,-0.7638,5.0709,-7.0198,-1.9249,6.4883,-7.9631,-1.5897,6.5553,-9.2201,-1.0894,3.9672,-7.4005,-1.2522,5.6383,-7.2927,-0.8045,4.9321,-8.0589,-0.2777,5.0446,-8.9208,-1.9010,5.0613,-8.0397,0.2011,2.2242,-6.2728,-1.5802,3.7876,-8.2863,0.2777,2.7294,-6.7445,-1.2354,5.0733,-10.1538,-1.2953,4.0151,-12.4834,-5.4684,9.0788,-3.9504,-2.2529,6.5745,-2.8754,-3.0550,6.2656,-4.6878,-2.5594,1.9441,-4.8123,0.0718,10.2041,-9.5624,-3.8523,9.9671,-11.3701,-1.9441,7.2616,-6.3566,-2.5019,7.7093,-5.4684,-1.1253,6.1914,-9.3398
1.4078,0.3328,-8.8226,1.5347,2.3750,-12.8976,-1.5490,4.3048,-4.7214,3.3710,-1.6017,-16.7235,-3.3686,-0.4741,-11.8106,0.4836,5.3774,-4.5298,-1.8124,5.7341,-5.7221,-0.7685,4.9321,-9.0118,0.1341,5.0278,-10.2352,-1.2258,4.8435,-9.2991,-0.1652,4.8123,-7.7117,-1.6233,3.5506,-8.8921,-0.2634,3.8642,-8.3079,0.0694,4.6232,-5.2696,-1.3312,2.9616,-7.1419,-0.7853,3.6129,-8.6239,-0.4070,6.2513,-7.0198,-0.9433,6.3566,-6.6511,-1.1851,4.0821,-8.1283,0.2801,3.6129,-7.3023,-1.1971,3.4860,-7.2544,-0.9984,5.8059,-5.7916,-1.9632,7.5154,-6.3422,-0.6871,4.5657,-7.5681,-1.1756,5.5737,-7.3717,-1.5299,4.5418,-8.8705,0.4094,2.7749,-11.6909,-0.3903,2.5857,-6.4524,-1.7238,3.3495,-9.2512,-0.4525,4.9752,-9.1387,-0.7302,5.1619,-9.0237,-1.9992,4.2497,-2.1404,-1.8675,4.8794,-4.9249,0.0862,4.4388,-7.3167,-1.3527,7.0270,-7.6974,8.3773,-15.0883,-19.6133,0.3591,4.2114,-6.2896,-2.1572,6.8378,-5.9640,-1.2929,8.0254,-9.6917,-0.7398,3.6559,-7.6279,-0.9984,5.5234,-6.9360,-1.1396,3.8116,-7.9248,0.3950,4.0677,-9.9982,-1.1085,4.1444,-6.7062,-0.5195,4.4939,-7.5106,-1.2163,4.3072,-6.1076,-0.2418,5.3893,-10.9966,-1.3527,8.1594,-8.6790,-2.0231,6.1531,-4.8961,-2.0877,6.8977,-3.1364,-2.6240,14.4011,1.0894,-2.2410,8.8897,-7.6375,0.8571,2.4038,-10.7859,0.0455,5.6455,-7.5705,-0.1413,4.0534,-6.5817,-0.6967,3.7948,-6.8402,-0.9002,4.6783,-6.8594,-0.2274,3.9624,-8.2408,0.1197,4.5586,-9.1818,1.2498,9.4930,-13.2256,-3.2777,9.4308,-7.6830,-1.8411,9.4403,-5.4205,-1.4437,-3.2537,-16.8695,-2.8778,7.7357,-2.3080
-0.1796,2.8802,-8.7580,-0.3160,1.8052,-10.7308,0.2993,3.1388,-7.6686,0.8284,5.3558,-1.3934,-0.1508,5.2792,-2.2960,-0.7877,2.6217,-1.7382,0.4645,1.3312,-7.7500,1.8675,-2.2146,-19.6133,0.3807,3.7804,-10.2161,-0.3926,2.3415,-9.8474,-1.3216,3.8954,-4.2713,-0.5243,2.6671,-9.1578,-0.3783,5.2744,-9.7468,0.3448,5.2529,2.2434,-1.6472,6.5218,-2.0039,-3.7086,2.0470,-7.0222,1.0534,7.6112,-3.4046,-4.3239,8.2169,-1.0199,-0.7901,4.3958,-11.0277,-3.1747,4.3934,-8.0924,-3.6272,5.6000,-7.1012,-0.2705,1.2474,-9.2153,0.3687,6.1004,-0.2203,-2.7126,9.0956,-6.0118,-3.2058,9.8761,-5.2768,-1.6185,7.8673,1.1684,5.3702,-15.4905,-19.6133,-1.7789,6.2896,-5.1260,-1.5395,5.8778,-7.1180,-0.9385,2.9568,-9.9671,4.6400,-4.8004,-13.0221,0.0958,1.2905,-3.3615,-1.8100,8.7053,-3.8882,-5.7509,13.4937,1.0774,-4.3694,7.5872,-3.9002,-3.2226,10.9415,-2.8850,0.4501,-2.9760,-19.6133,-1.2067,6.4476,-7.5010,-5.2768,13.6254,-5.0398,-1.2234,12.0644,-7.7931,0.4238,6.3303,-5.3079,-2.0423,12.8401,2.7174,-1.1995,8.2672,-5.5402,-2.3942,6.2968,-8.0325,-1.5850,8.7819,-7.3215,-0.9050,2.6767,-11.8010,2.3846,1.7885,-12.6965,0.7949,2.5211,-0.9649,-1.0558,3.6033,-3.0095,10.4603,-19.6133,-19.6133,-0.4812,7.0222,-4.3574,-4.7740,11.4084,-3.3543,-0.8547,3.2106,-15.4258,1.7119,2.8970,-5.3726,-0.8212,4.6280,-4.0654,4.8770,2.6959,-16.5200,-2.0782,10.2879,-6.8235,-1.9704,9.0070,-6.3686,-0.2274,12.8569,2.6264,-0.2011,6.8977,-5.3846,-2.7438,3.9193,-4.6088,-1.3838,7.1658,-4.4029,-1.6568,10.4698,-7.0318,-0.7159,6.1411,-10.4507
-0.9720,1.6305,-13.8720,-0.9864,3.1532,-11.2767,1.1540,0.5770,-4.6902,-2.1548,1.2617,-10.9319,4.7429,-5.1763,-14.6693,-0.7542,3.5769,-3.7062,-1.2354,8.5258,-7.3454,-8.2696,14.9709,-14.8656,-1.6712,8.3079,-6.3758,-0.6464,9.5505,-3.9887,-1.0127,8.1930,-10.5991,-0.8212,7.5058,-6.8594,-2.9090,6.5362,-8.6072,-6.7014,11.9064,-4.9871,-4.3670,9.1028,-9.2560,-3.4022,8.9232,-3.4333,0.6273,5.7940,-1.0223,0.1891,0.8715,-10.6111,-3.2154,10.4339,-2.3487,-0.7278,6.0071,-5.1451,-1.4006,5.9879,-8.3127,-5.3989,7.5944,-2.2673,-3.3806,7.3789,-8.6311,-1.8555,5.0877,-1.4365,-1.2881,4.1994,-0.0790,-2.2434,4.6663,-9.4978,1.2426,-1.7693,-14.1306,1.6041,3.6512,-10.5752,-0.0072,5.0087,-11.2743,4.9057,2.6264,-19.6133,-1.0606,5.4875,-7.2712,-1.9896,7.3789,-3.3543,11.4491,-19.6133,-19.6133,0.7446,8.5712,-4.5203,-3.6488,7.6926,-3.1077,0.1915,-0.9074,-19.6133,1.9297,7.0533,-13.1059,1.0846,1.5060,-8.2384,-0.4932,5.7724,-4.3574,-1.8124,8.7580,-6.0645,-0.2394,5.8778,-11.3461,-1.0630,2.5402,-19.3739,-2.6169,9.0908,-4.1731,-0.3711,9.5457,-5.1499,3.5386,3.3088,-9.7157,-0.0359,6.0693,-7.2018,-0.8547,7.7357,-6.2225,0.2107,0.3065,-13.1035,4.9967,-5.1882,-19.6133,-1.9249,4.7764,-5.9376,-1.9728,5.8442,-7.5369,2.1308,5.3056,-18.8807,-1.3096,7.6710,-5.5402,-0.8188,9.0764,-4.0390,-2.4325,-5.5378,-11.8441,-2.5522,10.6638,-0.4142,-3.1364,9.5337,-0.8021,0.6943,0.3950,-7.6758,-5.3199,8.1618,-3.6392,-1.5874,9.4906,-7.8482,-1.1660,6.6200,-4.3574,11.4874,-19.6133,-19.6133,-2.4493,10.4842,-3.3303,-2.9161,2.1021,-9.6414
7.3119,-19.6133,-19.6133,-0.9744,4.4197,-8.6119,-2.8635,14.3293,-3.1987,2.3128,5.5833,-11.7364,7.3478,-2.1572,-13.9630,-2.4325,4.9440,1.3479,-1.3360,3.0909,-4.2617,-1.6616,4.5442,-5.1475,-0.7183,-2.1907,-9.6223,5.5450,-13.6469,-19.6133,-0.0383,6.6487,-10.0700,5.8682,-5.4731,-18.2893,-2.3535,3.6344,-2.5522,-1.7957,5.7006,-4.4772,-1.7549,-3.0215,-13.5943,-3.6176,10.8577,-1.1037,-1.8004,9.7827,-15.7898,1.3431,1.2594,-14.1521,2.1835,11.7603,-19.3140,-3.5913,10.3741,-5.8969,-2.7150,6.6631,-3.8403,-5.0374,4.5298,-19.6133,3.5027,10.8864,-11.5448,-2.6312,8.2025,-3.5267,0.0215,4.1204,-13.3884,-5.4300,17.8991,-10.9750,-2.3990,12.9694,-5.8299,-1.5945,11.0014,-6.7109,-6.0549,14.9374,-15.1792,-1.7837,7.7955,-7.1251,0.2705,5.8993,-5.3271,-1.0199,5.3582,-2.8754,6.7612,-3.9002,-18.2821,-1.2306,3.4884,-4.8985,-0.4956,3.4884,-3.8858,-5.4612,-9.4571,-15.7108,-0.3232,11.6813,0.0646,-4.7525,8.3414,-3.4022,1.9273,-0.5650,-14.3915,8.2361,-6.0645,-19.6133,-1.9776,4.6543,-7.5082,-0.6560,9.1722,-6.0047,-2.5762,-4.3120,-19.6133,-0.2131,6.5003,-8.9064,-5.0685,10.3525,-7.5920,2.9688,-1.4629,-12.8593,7.2449,-4.4843,-19.6133,-2.2194,5.0542,-5.4133,-0.9098,3.5410,-3.7661,-0.3136,-9.0716,-19.6133,-1.3862,9.5960,-4.6017,-1.8699,1.1827,-12.2631,-0.8787,3.0311,-3.7685,6.0262,-1.6951,-19.6133,-3.8235,13.0508,-6.9743,-2.9544,10.5273,-6.0837,13.3118,-19.6133,-19.6133,-2.3918,4.5801,-2.0207,-3.6105,8.0254,-2.3846,1.4772,5.9735,-6.5457,-7.8195,17.2502,-4.4173,-2.8228,11.9614,-9.2895,-1.7382,10.9918,-8.0996,0.8475,19.6127,13.9941
-3.6320,6.5769,-6.8666,-1.3216,4.9919,-1.0965,0.5914,-2.7916,-10.1179,-0.8691,4.8530,-5.4492,-2.7150,8.7604,-5.6407,-5.9711,7.2018,-3.4668,-1.4269,6.5194,-2.2865,-1.4437,3.6464,-1.8340,-4.0414,19.6127,7.5657,-0.9744,9.8067,-5.1260,-1.4030,8.4300,-8.8107,-6.4883,5.1188,2.2817,-2.4828,12.5025,-8.3294,-3.6344,10.3525,-6.0908,11.9399,-19.6133,-19.6133,-1.0487,9.8043,0.2897,8.8083,-14.0348,-19.6133,3.2417,-0.1341,-10.0868,-2.9113,3.4022,-5.3750,-3.0550,3.2848,-4.7860,-0.7709,-9.6079,-18.5886,-2.4588,7.2688,2.2338,2.1237,-1.1133,-16.9533,-1.1013,5.3606,-2.8778,-0.8260,4.4005,-2.0614,3.7804,2.0183,-1.6424,0.0910,8.4635,-4.9656,-1.9800,7.0437,-3.4884,0.3759,-1.5754,-7.2927,-0.6033,8.0445,-6.9528,-3.3040,8.2001,-9.7995,4.9297,-1.5299,-14.3939,-1.3599,0.4405,-1.3527,-0.8404,3.6176,-4.6495,-0.9553,3.2920,-1.0918,-1.1923,5.4875,-11.1211,-5.0254,1.1732,-9.6175,-3.0765,5.9951,-1.5514,0.5052,14.2958,-6.5505,-4.9488,14.5113,-6.2321,-1.6831,9.7612,-3.2250,2.2889,-12.8329,-19.6133,-0.3759,10.9798,0.6728,6.8187,-12.8736,-19.6133,-2.1620,2.2721,-6.6535,1.3527,0.0383,-5.0973,-1.7621,12.0596,-7.6447,-2.7869,9.1459,-4.9273,-4.7692,11.1163,-7.5034,2.6839,10.0269,-10.2065,-2.1907,10.5058,-4.3742,1.7071,-0.5100,-13.8217,5.0446,-10.2089,-19.6133,-0.2227,2.6312,-2.1021,-0.7398,3.5769,-3.9959,-1.9752,0.3615,-9.0884,-0.9098,11.4850,0.1077,-1.8699,2.2003,-19.6133,-0.6393,1.1492,-5.5929,-2.2697,3.3567,-2.3032,-1.8340,12.4594,-7.3885,-5.0206,8.7221,-6.7038,-1.9369,10.4986,-3.6296,11.0301,-19.6133,-19.6133
-3.1723,8.9112,-6.4332,-1.8052,9.1866,-2.8491,3.3399,-14.3054,-19.6133,-1.4030,13.1561,0.4094,2.2697,-1.9680,-19.6133,-0.3208,2.2625,-9.6151,4.2066,0.2514,-10.3525,0.6057,4.6184,3.3926,-1.3527,7.3047,-3.5362,-4.4915,-0.6512,-6.9192,-2.1691,11.0157,3.5338,7.1323,-8.3055,-19.6133,0.7422,4.2569,-7.6375,-0.4501,4.7238,-9.9383,4.9249,1.4222,-19.6133,-1.5921,9.0357,-5.6551,-0.4597,7.7740,-5.4444,-6.4739,16.8743,-1.7693,-1.3479,12.3086,-4.5729,-3.1388,6.9336,-9.0285,-1.2570,7.1635,-7.1323,-1.3623,6.6439,-7.6327,2.4588,1.3815,-15.4019,-0.5028,5.0422,-4.6280,-2.1668,5.2457,-5.9400,-5.6958,9.0477,-12.7779,-3.4069,2.3942,-6.2800,-2.3296,8.7221,-0.7925,1.1947,5.2265,-7.2353,0.5626,6.7229,-6.0118,2.2697,1.0822,-11.9758,-0.8787,11.5544,-11.1857,0.7183,7.6782,-3.8786,3.2633,-11.7627,-19.6133,1.1684,6.9719,-8.4659,-5.3319,11.6382,-5.0949,-1.1827,6.6152,-6.6439,-1.3815,2.0590,-5.0637,5.0637,-2.4038,-13.8840,0.0766,3.8930,-3.5650,-1.8771,7.3861,-3.4213,-7.1491,17.9757,-8.1020,-1.8196,5.0159,-1.2665,-0.6440,6.8546,-5.6216,-0.4525,-0.4405,-16.7977,-1.6520,3.3279,-9.1722,-6.5697,8.0254,-8.1331,-4.2976,10.4698,-8.1882,-2.8874,10.4244,-5.5067,-0.9601,7.1467,5.2960,0.2298,1.6472,-7.7859,-1.6759,5.5857,-2.7126,-3.5506,3.1603,-3.5123,-1.5131,5.0996,-4.2497,2.7845,0.3950,-8.3749,-1.7885,9.4188,-4.8890,-4.5011,1.3024,-10.4339,-2.6073,4.7309,0.7733,-2.6384,7.6375,-1.0918,1.8076,-3.6943,-19.6133,0.4286,-0.7278,-11.0349,-0.0551,5.3678,-4.2521,-1.5921,3.4333,-6.8905,-0.4453,9.7971,-6.0071
-2.3870,5.9041,-5.1691,1.1660,-6.5410,-17.1856,-3.2322,3.5458,-5.9783,-0.8475,5.9783,-3.1005,8.5281,-19.6133,-19.6133,-0.2705,7.0294,-8.3821,-0.6800,3.4860,-2.5187,-0.4860,8.0709,-7.6064,-0.2705,4.5107,-6.3997,-0.5722,13.8648,-13.1944,-4.4628,10.6374,-5.4420,-1.6831,7.0485,-4.6400,-4.7597,13.7714,5.2625,-2.0542,11.9231,-4.5131,-2.8539,7.9392,-2.6624,-0.8140,6.6439,-7.1467,-2.7461,7.1539,-7.6375,-1.5131,1.2234,-7.5178,-0.6297,5.4612,-8.2313,-2.0734,8.1092,-9.5122,-2.0925,3.3303,-13.0149,2.4948,-1.2450,-18.3037,-3.4405,8.8705,-6.7373,-1.2617,4.4843,-9.2608,0.9601,5.8347,-7.1994,-7.3717,9.4619,0.6847,2.4421,9.0812,-12.3948,-2.2745,4.4245,-4.0127,-1.7382,-3.0646,-0.4357,-0.6177,7.9751,1.9489,2.1308,-8.4946,-19.6133,-1.3910,1.0247,-9.3470,-1.1779,4.5155,-7.6710,-1.1971,6.2273,-1.1923,1.5874,4.0342,-0.0048,-2.3607,8.3486,-4.1683,-2.5714,2.9975,-5.4109,-0.2490,7.9631,-0.0287,2.5211,-11.1642,-19.6133,-0.3998,0.7350,-12.7946,-2.1213,6.7062,-11.0301,-1.9704,7.2688,-5.2122,2.1069,4.4269,-3.4141,-3.3615,6.8283,-8.2169,-4.1827,10.4435,-6.4428,-3.7541,10.0078,-12.8114,1.9345,6.2130,-6.1268,-3.1005,4.5705,-3.4931,-1.8723,5.9089,-6.5338,-1.2785,5.2792,-5.5354,0.7087,2.3032,-9.5385,-1.4437,6.8426,-1.5778,-2.9880,5.3965,-4.4843,2.8826,-1.9776,-19.6133,-7.9918,9.5146,-0.3783,5.1954,-12.6725,-19.6133,-1.7980,1.6328,-9.5457,-2.7581,5.0350,-1.8627,-1.5299,2.2936,-6.4404,-0.5722,6.0621,-0.7566,-2.8635,9.0429,-2.6935,4.2569,-13.2280,-19.6133,-3.1340,8.0038,-0.5555,-0.4932,1.6544,-11.1043
-3.5386,10.9798,-7.5369,-4.5346,9.0309,-8.9112,-2.3296,3.1843,-10.5991,3.5626,0.6584,-15.2559,-2.2098,0.5339,-8.9639,0.6608,3.1939,-9.2919,-1.1468,1.4006,-6.8833,-0.1437,2.7964,-9.0285,-1.3551,4.7142,4.1707,-3.9672,9.2464,-6.9264,6.3279,-18.1385,-19.6133,-1.6352,3.8834,-6.2297,-1.2498,3.2657,-4.4628,3.6895,4.7309,-19.6133,-2.4924,9.2033,-6.5769,-2.6025,4.4628,-3.3854,3.4692,3.1029,-2.2984,-0.9026,4.3287,-9.7252,-2.2122,8.0349,-5.1451,-1.3168,10.2137,-4.2042,-2.1404,10.0341,0.9313,2.7821,-7.6471,-19.6133,-2.5522,2.8491,-8.5329,-1.7286,6.9480,-5.7892,-0.0072,5.7437,-10.3358,0.6081,-3.0478,-19.6133,-1.4724,4.3239,-7.8793,-0.7997,3.4357,-2.1261,10.8840,-19.6133,-19.6133,0.5818,7.4340,-1.8004,-5.3846,7.0461,-3.6655,-2.0710,4.7645,-7.9440,0.7805,2.7342,-10.0940,-1.0750,3.9840,-10.3358,-3.4931,4.3862,-6.4835,2.2936,3.9768,-6.8809,-2.4469,8.2408,-4.3120,-0.5794,4.5250,-5.5330,-1.9728,2.2745,-4.6711,5.1404,-10.5297,-13.1753,0.9768,0.0120,-6.4404,-0.3352,3.1699,-7.4531,-0.0599,3.4548,-7.9583,-1.7549,2.5307,-8.1379,-5.2792,9.0190,-1.8675,0.1460,5.1044,-11.1833,-2.1117,7.6734,-5.9472,-2.5738,10.2089,-5.0278,-2.8371,4.3598,-10.2256,-4.1611,3.0861,-10.3860,-1.3838,6.8354,0.7422,-3.0478,7.0988,-5.6599,-2.6193,1.1444,-3.8810,-0.0599,3.1364,-14.2263,-1.7549,4.1803,-2.9473,-1.0439,6.5912,-3.1101,6.7229,-19.6133,-19.6133,-0.9002,4.0773,-5.4875,3.0287,-10.9535,-19.6133,-1.3072,2.5857,-4.4197,0.3567,3.2250,1.3551,-0.0838,7.1658,-15.6581,-8.1594,15.0595,-7.3741,-2.9880,7.2999,-7.6112
-0.9050,4.1635,-4.1563,-1.6975,6.2010,-6.8498,-4.1875,7.5920,-7.6375,-2.0973,6.0334,-10.8793,0.9673,4.2329,-7.2305,0.8954,4.9057,-10.3741,-3.2585,9.0597,-6.0693,-3.5674,8.4803,-5.4468,-1.9273,3.2417,-15.7060,-3.2681,1.7885,-12.0811,-0.6249,2.9305,-3.1819,-1.8723,7.6686,-9.8521,-0.4166,8.2791,-11.4060,-6.0190,8.0158,-5.7078,-4.3000,10.3932,-9.6079,-0.9792,3.2920,-4.1563,-1.5155,4.4293,-4.4628,2.2266,-6.7971,-19.6133,-1.9106,5.2505,-6.8905,-3.0550,7.9344,-11.2839,-1.8220,5.8969,-12.5193,-0.0431,6.7756,-5.5857,-0.0718,3.6248,0.6728,-1.0750,2.4086,-4.8100,-3.1987,9.9695,-5.4300,-4.0223,15.6700,-3.2154,-3.3662,7.0605,-9.1099,-0.8236,6.5673,-7.2137,-0.8188,1.8004,-8.4635,0.2466,2.2529,-7.3047,-1.7334,3.5147,-8.3893,1.2330,5.8131,-1.4413,-1.6137,7.2377,-2.2793,-6.8881,-1.1923,-18.5551,-3.0598,7.3981,0.4812,4.1348,-0.2921,-17.9781,-1.5275,1.9656,-16.2686,1.8483,1.9082,-10.4507,-1.0798,0.5794,-6.7062,-0.4980,5.4947,-5.9065,-0.1030,6.9504,-3.1987,-3.9169,6.4452,-2.0135,-5.1308,1.4341,-14.9829,-1.0989,6.9839,2.8826,-2.2793,-5.8083,-18.8735,-1.7238,1.5538,-7.3454,-0.7278,4.9991,-2.4924,-3.4165,8.3558,-10.7021,0.9002,3.0502,-3.1843,-7.6950,5.5378,-2.6288,-1.5275,5.6551,-8.1403,-2.1380,5.1739,-7.7812,1.7478,-13.5799,-19.6133,-0.1556,7.0437,-7.3813,-2.1596,5.6360,-1.8507,-3.0119,7.7788,-6.5314,-1.8483,5.8395,-11.2168,-3.8092,4.6184,-4.0534,0.6321,2.3391,-10.0916,-4.0821,9.1506,-10.6063,-0.0599,6.3590,-3.2920,-0.5531,3.7804,-5.0996,-2.9042,7.1802,-6.0214,-1.8435,6.2896,-3.9887
-0.9553,5.9089,-7.9440,-2.7821,3.2801,-8.2887,-1.3408,6.1196,-8.0038,-3.1268,12.6294,-3.0047,-2.4229,8.6359,-9.9264,0.5100,4.8243,-8.8346,7.0150,-13.1178,-19.6133,-2.1045,8.5329,-0.2610,-4.6902,8.2696,-3.1484,-0.0551,4.7716,-7.1060,-1.2953,3.2561,-8.2576,-3.1651,7.0390,-8.6263,-0.7039,4.2114,-4.4532,-1.9704,1.5610,-9.0764,1.3096,6.1028,-2.9736,-0.3136,4.5011,-3.9480,-5.9783,9.2680,-4.3814,-5.8035,4.7357,-18.2917,-3.1939,9.1075,-4.4077,-3.5793,10.8146,-3.9409,2.4325,3.9624,-19.6133,0.5794,5.2313,-13.0364,-1.1396,6.9121,-11.5855,-0.4836,7.5010,-5.4300,1.1564,-1.2067,-17.8224,-2.7246,7.9296,-3.6607,-3.1532,6.5936,-3.6895,-0.3256,7.0413,-5.1236,-3.5482,12.5097,0.6895,-2.1907,7.8171,-9.4595,0.0168,5.6862,-5.7245,-1.4988,2.8970,-8.9783,-2.5809,6.1316,-5.4444,0.6416,3.4620,-7.2401,-3.0215,6.2273,-7.6016,-3.1196,2.9473,-6.1651,-1.8866,7.6207,-8.9687,-3.7182,9.1219,-7.3526,5.5641,-8.0206,-19.6133,-3.3495,9.6510,1.9609,-0.4549,3.4237,-1.6424,-2.9664,4.2760,-9.0908,-0.9385,6.0693,-7.0366,-2.5881,7.8937,-6.5481,-0.9002,3.7421,-11.9902,-0.6321,4.0462,-7.6926,-2.1189,3.4189,-0.6345,-1.6017,6.1770,-4.3694,-3.5913,5.9209,-4.9775,-1.3503,8.0134,0.4453,0.5507,1.4868,-7.5537,-0.3160,-3.0047,-14.1761,-1.9537,3.6224,-8.3175,0.4070,0.1963,-2.4780,-2.9353,4.9464,-3.0885,0.5890,-4.4388,-18.6221,-3.0885,6.3925,-8.2313,-2.2553,5.0111,-2.8874,-3.4740,7.1922,-3.7685,-0.2370,4.9608,-1.1085,-3.3926,4.8842,-7.7883,-0.9074,1.5419,-11.0516,-3.6919,4.3551,-7.6160,-0.7733,7.9559,-9.5840
-3.4979,7.7500,-4.8004,-2.6815,7.9871,-0.9050,-2.1404,6.1100,-4.1061,-2.7007,8.7508,-6.4643,-1.8699,5.9544,-9.7372,-2.2984,7.7476,-6.7995,-0.4980,1.5945,-9.4212,-1.9178,4.8818,-6.1363,0.8715,1.3886,-9.3302,-1.4293,3.0047,-0.9649,-2.3080,1.1372,-17.6812,-0.7374,9.1243,0.7709,-0.9218,-4.6974,-18.2342,-2.1380,14.4969,-13.0197,-1.6544,4.9392,-9.6247,-1.2641,5.8419,-5.5952,-0.2203,5.8275,-3.4764,-1.2857,2.2960,-5.0039,0.5938,3.9768,-8.6622,-0.9744,3.8427,-2.6911,-1.2833,4.5466,-5.5115,0.8332,0.6752,-11.0875,-4.0654,1.0942,-12.8401,-1.1253,3.7685,-4.5226,-0.3424,6.8259,-6.8283,-2.2051,6.3231,-12.2966,-2.5570,6.6272,-10.1921,-0.2538,10.2041,-10.4220,-2.8347,7.8075,-10.2137,-1.2809,4.6376,-6.0861,-0.7111,-3.4979,-19.6133,-0.5507,6.8833,-0.9122,-2.6169,8.1116,-3.6799,-3.6440,2.7102,-10.2424,-1.2306,5.0159,-13.0556,-1.0774,6.1004,-11.3342,-1.7669,8.1834,-7.2999,-6.9623,7.0126,-2.5187,-3.6152,6.9528,-10.4866,-3.7876,9.2847,-7.0533,6.0478,-13.3333,-19.6133,0.4405,7.5824,-8.0685,-2.9401,13.3453,-7.7357,-1.7573,7.8362,-11.9542,-2.8060,5.8347,-9.5529,-0.3208,5.0829,-6.5434,-2.3176,3.8188,-5.2241,0.7039,1.8244,-3.9576,-2.8228,7.4603,-5.4708,-4.9775,10.6925,-7.6279,0.1484,0.9218,-19.6133,-0.7590,7.3095,-7.6495,-1.4605,6.6248,-6.8426,-0.6823,2.2482,-7.4316,-1.7430,4.1372,-6.8977,0.1245,1.0175,-10.5010,-0.8308,6.4428,-5.6886,-1.7741,3.8714,-0.1317,-2.7102,5.1811,-5.0159,-3.1029,8.0469,-5.6336,-5.8562,14.0923,2.9473,-6.9216,2.3631,-6.0573,-3.6296,6.6248,-4.0055,-0.0718,0.8787,-14.7028
0.2801,-0.8547,-0.9194,-4.8004,6.5529,7.1539,-5.1284,12.6605,-9.0980,-4.9081,9.9766,2.6145,-1.2115,3.0885,-15.7443,-2.3176,8.5617,-13.4602,-1.4341,11.4994,-7.4412,0.0862,0.3783,-9.3805,-1.3838,2.3367,-4.3981,-4.4604,10.6446,-7.2568,-5.4731,-8.5234,-15.0093,-0.2179,3.6320,-1.7238,1.1851,-5.4324,-19.6133,-0.0239,4.2329,-5.4516,-4.0318,9.8928,-8.7700,-3.4596,4.7238,-8.4108,-3.4285,10.2352,-12.8281,-3.4740,4.0821,-3.7517,-1.4246,4.5849,-5.3247,-2.0758,10.5991,2.3583,-3.9409,10.8146,-7.3454,-1.7980,5.3486,-6.9456,0.3687,5.0613,-9.4164,-3.9768,3.8475,-6.1746,-2.7342,4.9081,-6.2632,2.8491,1.9752,-7.4723,-2.4325,5.9352,-5.8347,-4.1683,8.3965,-3.9121,-5.3989,15.6629,-1.3767,-4.7908,12.8473,-6.5505,-3.3351,8.8370,-8.9567,-0.2514,3.3830,-7.5369,-3.5171,6.1220,-8.0685,-2.0135,5.0422,-7.5729,1.2330,4.4604,-1.9345,-4.1108,5.5067,-4.3096,-0.0646,3.8978,-3.3255,-1.1037,1.4892,-8.6694,0.2011,-2.7653,-15.8664,-1.1205,6.9887,-3.5769,-1.3647,2.1668,-5.8035,-4.4317,5.2098,-6.0430,-1.9201,6.6535,-6.9288,-2.1141,0.6512,-8.5688,-8.1475,13.4578,-8.8825,1.4437,4.3574,-2.8395,-2.0016,-0.7278,-8.4659,-4.8866,5.5498,-8.7340,-0.1772,6.8570,-5.3079,-2.0351,5.5019,-14.9733,-2.3535,0.4621,-10.5393,-0.4214,6.8785,-6.9623,-2.9185,4.4221,-7.3550,-0.9074,6.6128,-3.4692,-3.0837,6.6750,-4.0103,-3.7900,10.7955,-1.0271,-0.1700,0.3639,-19.6133,0.9768,-2.7605,-19.6133,1.0080,0.4453,-12.4690,-2.1668,3.7254,-9.4523,0.5578,-0.4453,-12.8257,-1.6400,-0.8667,-19.1680,-2.1620,4.0055,-8.5521,-3.0023,4.8028,-1.2306
-1.2043,2.2529,-9.9838,-1.7310,2.0710,-5.7748,-1.4509,3.1053,-6.8426,-0.7063,2.6288,-11.7124,1.6161,2.4062,-7.9847,-2.4469,5.9352,-5.9113,-3.2753,7.5010,-4.5633,-2.2266,6.8714,-4.4484,-0.3496,1.6640,-14.7603,-0.6608,1.9704,-14.5855,-0.2298,4.5418,-8.5976,0.5195,4.5370,-11.4754,-2.0949,3.7350,-10.8026,-0.5674,4.7501,-11.9566,-0.6273,4.4197,-4.6831,1.5993,4.5490,-12.1649,-1.9417,6.9911,-7.7907,-2.6121,4.1779,-4.3622,-2.0949,4.2641,-0.6009,-2.5355,10.3238,4.2593,-3.5985,6.9384,-6.9216,-1.6735,6.5481,-5.8682,-2.8874,7.0844,-6.8402,-2.4397,5.2529,-6.1651,0.3065,4.8219,-9.9695,-3.0718,7.4460,-6.4236,-1.4078,4.8746,-7.9942,-1.3838,4.7692,-2.2338,-1.0247,5.0398,-6.5410,-5.0542,12.5265,-8.2313,-2.9233,13.3932,-9.6247,-1.5562,8.0541,-0.6919,4.4005,-10.1945,-19.6133,-1.3886,5.7245,-9.9383,-3.2848,7.3933,-8.7317,-0.8068,5.5330,-10.5704,-0.5650,6.5888,-5.3678,-2.6743,7.9679,-7.6854,-3.3998,7.1299,-6.9576,-2.8874,8.6886,-8.2768,-3.1220,8.4108,-6.6679,0.7207,5.4564,-4.5131,-0.9505,6.2991,-12.4522,-2.8228,4.9321,-7.5800,-2.6911,5.0063,-4.6783,-3.5362,4.3215,-8.8011,-0.4836,3.3016,-11.5784,-0.9433,5.3008,-6.9288,-4.4077,4.5035,-6.1818,-0.8882,5.5833,-7.9583,0.3160,6.8331,-7.2018,9.9910,-19.0100,-19.6133,-0.6321,5.5019,-1.4126,-3.0382,5.0829,-1.0367,-1.5634,4.2593,-7.7548,0.0192,2.6528,-6.0166,-3.2848,6.7157,-5.4157,-0.1173,3.9409,-8.7963,-2.7007,6.8259,-5.8107,-4.9225,4.6591,-5.9496,-1.7765,6.0406,-7.8027,-3.9097,8.6000,-8.2576,4.0917,-15.7898,-19.6133,-0.5076,5.5306,-8.1930
-3.2154,10.8266,-7.9248,-2.7031,3.0550,-5.5593,-3.2226,6.2968,-9.0836,-5.3343,9.5122,-2.7054,-0.1030,-1.0223,-19.6133,-1.3791,6.6774,-3.9121,-0.9002,5.4516,-7.1036,-1.0391,1.4772,-11.0995,-5.2984,8.1187,-10.9774,-1.8268,5.5929,-6.1579,-3.1747,5.7269,-5.2313,2.6001,1.2330,-7.4747,-1.5969,5.5593,-5.7557,-4.4652,11.1235,-2.7940,-5.8371,18.6221,-0.1891,-3.8738,9.0956,-3.5793,-0.9337,4.0342,-2.4756,-4.1444,7.0390,-8.7005,-1.5874,5.5905,-1.0104,-1.2186,1.9585,-8.5425,-2.3918,9.6917,-5.1284,-2.4110,6.0741,-5.9280,-1.3671,5.5354,-8.5473,-4.0007,9.9096,-7.9895,1.5443,7.6567,-3.1939,-0.8092,2.4253,-11.6598,-5.5067,6.8833,-10.8122,0.0790,3.6033,-7.7835,-1.9992,-1.1516,-14.8417,-0.4429,4.7118,-8.5808,2.1261,4.9895,-11.8202,-3.3567,6.4093,-1.8723,-2.4229,3.5338,-7.8099,-2.4062,8.4851,-6.4308,-7.5585,7.1323,-5.3582,-1.4269,0.5770,-19.3715,-2.7007,7.2592,-8.1355,-1.2139,3.7804,-11.6885,-0.7757,0.4094,-9.1028,-1.1205,3.5458,-2.8754,4.5298,-2.1524,-10.2975,-1.5036,6.6176,-6.4763,-2.3679,7.2975,-3.4453,-2.4708,7.3837,-2.8730,-0.3735,4.5011,-5.3175,3.3208,-10.7667,-19.6133,-2.4445,0.7518,-9.9359,-0.3903,3.6344,-4.2329,-1.4198,5.6934,-11.2264,-2.0446,5.3750,-10.4387,0.6153,7.1515,-15.4115,-0.1197,6.4643,-6.3686,-2.5355,5.3295,-5.7533,-1.5419,6.2225,-5.8945,3.1891,-18.1888,-19.6133,-1.2498,6.5027,-9.0501,-3.7613,9.4044,-1.2043,3.5267,-5.8371,-15.0260,0.1700,4.9273,-11.3916,-1.8555,3.5482,-8.7149,-1.8699,4.5897,-7.1778,-4.8171,10.5489,-4.0127,-2.5594,6.8761,-13.7619,-2.1356,6.0956,-7.2065
-0.0958,5.4684,-8.8155,-0.2849,1.0582,-12.3301,-0.4812,6.4428,-8.1594,-4.3742,3.0981,-3.9025,-3.2034,5.5737,-6.5864,0.0527,7.1994,-6.9576,-1.0702,3.8283,-11.4706,-0.8811,4.1348,-12.0045,-2.1213,9.4403,-4.2282,0.0048,6.0861,-11.0516,-2.9066,4.7525,-11.4634,-5.2241,11.1306,-11.0468,4.6184,-7.5178,-19.6133,-0.3448,3.2010,-6.6511,-4.0151,4.8171,-1.6113,-2.5546,5.7317,-3.9935,1.9130,1.0080,-8.2576,3.8044,-5.2289,-19.6133,-2.5019,4.4341,-9.4858,-2.2601,8.1499,-7.5944,0.5363,6.7947,-8.0230,-1.2929,5.5258,-6.9528,-1.8244,4.1970,-7.5130,-0.7733,7.5609,-0.5794,-0.7135,3.2825,-7.7189,-1.9249,6.4189,-4.4915,-4.0055,-5.3822,-15.2104,-0.1030,6.2872,3.0143,-3.1196,11.6071,-3.3639,-1.8699,1.1995,-16.2135,-1.7861,1.3838,-7.2616,-1.4341,2.0159,-7.3646,-2.7605,3.4117,-5.1068,-0.8452,6.0118,4.5490,-2.4900,6.1986,-1.2881,0.0096,-16.0364,-19.6133,-0.5674,5.0039,-0.3352,3.9361,-7.3071,-17.7410,-2.5307,5.9017,-4.4604,-1.7837,10.2208,-6.7325,-3.4812,3.0502,-8.8490,-7.2185,6.8307,0.8835,-0.6847,6.3015,-10.6566,-1.6448,6.3710,-7.0222,0.0455,4.4460,-0.6464,0.8140,5.3367,-5.8059,1.4293,-3.6081,-19.6133,-0.4788,6.6750,-3.9863,-0.1700,6.5170,-9.9503,-3.2226,7.5681,-6.0980,-0.8715,7.9607,-7.5441,2.3655,3.0167,-5.4492,-1.4605,8.4515,-5.1427,-5.1547,-1.4030,-11.6191,-1.2258,5.0613,5.2505,-2.1237,-1.1660,-11.7531,-1.1037,4.7908,-3.7541,-1.8220,7.0701,-6.7900,-0.5626,5.9568,-13.2591,1.0702,-3.0191,-3.4141,1.6233,6.2177,-3.3232,0.5794,5.8059,-8.0038,-0.5267,4.3551,-3.9337,-2.2003,19.6127,3.1125
1.2426,5.0087,-11.3940,4.2521,-6.9863,-19.6133,-2.0446,4.4532,-6.0238,-0.6321,4.7405,-3.3998,-6.8761,19.3308,-0.1077,-1.5203,9.9264,-6.8905,-0.5962,8.9136,-8.1690,-1.4557,4.3934,-12.2966,-2.2482,7.8578,-4.9608,-0.5842,2.9616,-9.9551,1.0606,5.8993,-5.6264,2.8515,2.0470,-7.5944,-1.0104,6.2704,-7.6950,-2.3750,10.2089,-3.9049,0.1867,-7.3358,-19.6133,5.1906,6.4021,-7.1228,-0.1293,3.9696,-5.7437,-3.5171,10.6734,-11.9231,-1.6783,7.8314,-6.4955,-1.1349,7.1539,-4.7046,0.0622,2.1261,-13.2758,1.0750,7.8602,-9.3302,0.0407,3.3232,-4.1396,-0.1508,8.9639,-3.6320,-1.1947,4.0247,-19.6133,-2.7390,4.7094,-6.2824,-4.3934,11.3198,-1.3647,0.4381,-1.0319,-13.3070,0.4405,-1.5251,-8.8633,-1.6975,6.6870,-5.4684,5.8395,3.5267,-19.5056,-0.6201,8.6790,-6.9528,-0.8475,4.8123,-5.3941,-0.8308,7.4053,-3.9744,8.3629,-18.7227,-19.6133,0.0886,6.1220,-6.1196,-0.4501,6.1028,-5.8658,1.9776,0.4788,-12.8305,-1.1708,6.7253,-10.9846,0.0383,6.4189,-8.3342,-5.4157,12.1075,-2.6863,-4.6256,12.2655,-9.5241,-1.0032,8.8753,-4.8914,1.9178,1.4557,-9.5433,4.7477,0.1437,-18.9764,-2.3918,3.5721,-5.6838,0.7853,4.9153,-9.2129,-0.4860,4.4365,-11.8800,-0.6752,5.5498,-5.2960,-5.0781,7.9464,-1.1708,-3.3208,9.0980,-7.1994,-0.0790,5.7581,-4.5993,-5.6144,19.6127,-0.9409,-2.5450,9.6486,-5.8251,-0.8140,6.9576,-8.3917,1.7789,-0.4501,-17.3771,-0.0886,2.5762,-11.0014,4.1492,-3.1244,-14.6860,1.0104,3.7421,-1.9082,-1.1061,4.4125,-4.7285,-0.5555,-6.3997,-19.6133,-4.7070,12.3158,-1.3455,-0.0407,2.5163,-19.6133,-2.6719,4.5897,-7.8027
-5.3798,19.6127,0.4166,-0.5531,10.5752,-4.1707,-1.9656,9.0573,0.3687,1.7980,-0.0575,-18.8065,-2.3774,3.6512,-9.6510,-4.0654,11.5855,-4.8674,-3.9504,7.1371,-4.5418,-3.4740,9.8162,-4.4963,0.2346,-2.9760,-19.6133,-0.1317,6.8929,-10.9583,-5.9759,8.8657,-4.4484,-0.8571,3.6057,-19.6133,-2.6671,3.8858,-9.3278,-6.7900,11.3868,-6.5003,-2.8084,9.1363,-7.6662,-3.5434,11.0085,-5.5713,3.5937,-19.6133,-19.6133,-2.1117,11.7890,-8.9232,-4.8794,15.1792,-4.3503,-0.3879,9.8306,-8.3342,-1.2953,13.0843,-10.4962,-3.1843,7.5920,-3.4285,-1.6688,5.3343,-2.4756,-3.2346,9.5888,-5.6192,1.9106,6.9336,-10.2927,0.8978,-5.4755,-16.8456,-3.3327,5.2648,-7.3023,-1.9345,3.4453,-7.2472,1.0032,4.6567,0.7733,-1.6089,6.3710,-4.4029,-1.2522,8.2983,-3.2705,0.5052,-0.0144,-13.8959,-2.0830,-0.9816,-9.2584,-2.9281,6.1387,-2.7150,-2.8778,5.8849,-5.4396,2.9688,2.5738,-8.6191,-2.3535,8.9447,-6.6176,-3.1316,9.5768,-4.5490,-4.1444,11.4371,5.9113,-1.6448,10.6734,-6.4691,-0.2562,10.8577,-5.5450,-1.0056,7.4388,-4.6448,-7.4484,13.5512,0.8906,-1.8627,11.6837,-6.7493,-1.3958,8.7245,-4.7070,-5.5952,6.6798,-10.3525,3.4979,7.2520,-9.8186,-2.5307,7.4795,0.3903,-2.4469,9.0597,-2.9113,-6.5960,19.6127,-11.6789,-4.2976,9.3494,-6.2106,-2.6839,7.1108,-3.1508,-3.8978,13.0843,6.8929,-3.5793,5.9783,0.7973,-0.7781,4.2976,-4.3479,0.6297,-1.8842,-15.0428,5.1643,-3.7302,-16.2854,0.1891,3.2848,-1.3551,0.1365,2.7964,-3.6416,-1.0942,2.9161,-2.8323,-0.5698,8.8681,0.9768,4.0270,-13.5991,-19.6133,-1.0151,1.3168,-8.3869,4.2832,1.2881,-6.0310
-2.2697,9.0214,-4.0342,1.1540,4.1396,-7.2425,-2.9209,15.4857,-12.0524,-3.9433,12.3565,-7.6064,-1.0008,5.5737,-0.6416,3.0670,-17.4394,-19.6133,-0.7278,10.7739,0.5339,6.4021,-14.1904,-19.6133,-1.4700,6.9336,-2.8874,5.3630,0.4118,-7.9942,-1.4413,8.1427,-6.8785,-1.2522,8.5425,-4.8076,-3.5147,5.5809,-4.0606,3.0694,6.9743,-7.0102,-5.1332,9.4379,-4.4915,-0.6201,7.1228,-6.8977,0.2298,4.7238,5.7221,-1.5969,5.0685,-2.3104,-2.7342,7.5992,-5.4540,-3.9887,11.0325,9.0812,-4.5538,8.7867,-4.1922,-1.0463,4.1252,-5.3558,-1.6113,-0.3280,-8.3438,-1.0606,9.0022,-6.7277,-1.0127,7.3957,-5.0637,-5.2433,19.6127,5.2385,-1.1995,6.5386,-5.9424,-4.9752,9.7612,-0.9816,-2.0446,0.4190,-10.9630,0.2753,4.3981,-1.6496,-1.4126,8.9112,-3.4093,-1.5921,7.4316,-4.1084,-2.5714,7.7740,5.8227,-2.8539,11.3868,-3.3303,-0.0215,5.7988,-5.1284,1.2378,11.6717,-19.6133,-1.9656,7.7788,-7.8697,-3.1340,6.7995,-7.1635,-0.0048,-11.6262,-19.6133,-1.3384,12.4666,-0.7566,3.4572,-5.0350,-19.6133,-1.3599,6.5027,-2.7222,3.9816,6.0837,-6.0262,-1.4030,5.2122,-3.7828,-1.3623,7.6495,-3.8906,-7.6950,10.1682,-7.1299,-3.9720,7.3454,-8.0589,-2.3272,5.6743,-7.9272,0.4597,16.0340,-19.6133,-3.4117,9.5098,-9.3877,-0.6249,4.7860,-3.3806,-0.5171,3.8164,-1.5538,-1.6352,-2.6528,1.1157,-2.0494,7.2664,-5.2337,-1.6065,6.2776,-6.0693,-4.5179,13.0963,-4.7669,-4.2138,14.3628,-7.3837,-1.3791,10.2137,-8.2073,13.9199,-19.6133,-19.6133,-2.0039,2.7892,-1.6424,-3.7062,6.9623,-6.1770,-1.0343,4.9009,-5.6312,-0.8763,2.8635,-9.5816,-2.3846,1.9680,-6.7900
-1.2258,6.9671,-3.8810,-0.5626,4.1492,-5.7916,-8.0206,9.2440,-4.1827,-1.5107,7.4795,-7.8338,-2.2194,8.3031,-4.4484,-0.5243,19.6127,10.6135,-0.4142,7.8506,0.6919,-0.9553,4.6064,-6.7564,-1.7526,6.5864,-9.0812,-6.3207,19.6127,-4.4077,-6.0693,15.5719,-9.5337,-2.0470,10.7691,-4.2689,-2.9999,15.7562,4.5873,-1.6472,10.4220,-5.6886,-2.2960,9.0309,-6.4380,-2.8491,8.1307,-9.5864,-2.4397,4.1156,-7.8793,3.3734,2.5546,-6.7852,-2.3176,6.1555,-1.6664,-0.7063,6.3087,-2.5666,1.5490,1.0151,-12.1769,-2.1955,4.5897,-8.0230,-3.8020,6.6128,-3.8211,-1.7502,1.7190,-4.0199,-7.6088,8.6790,-2.0135,-1.3575,10.3334,-7.0054,-0.9385,10.0509,-5.6623,-0.5124,-1.2857,-5.8873,-4.1707,4.0175,-9.7444,-0.4381,5.3989,-3.9504,-3.7996,6.8354,-8.1451,5.5976,-0.1101,-19.6133,-1.1612,4.1180,-3.6775,-0.9409,5.0087,-2.9856,-3.2968,3.8571,-6.1244,-3.5243,8.2672,2.2290,0.4812,-4.7932,-12.8545,-1.5012,5.8371,-0.4812,-3.2896,8.1954,-3.0215,-3.9097,2.4612,-6.5505,-2.9281,9.0214,-8.9160,-2.8874,10.8433,-6.0813,-7.4771,16.4913,2.3152,-2.3367,14.0995,-3.8618,-1.4317,4.3455,-11.4251,-1.3647,2.4612,-10.9654,-1.6376,6.2393,-6.3231,-1.4724,4.5897,1.2905,-1.3791,8.2720,-1.1971,-0.7159,4.0917,-3.0263,-1.4174,7.1730,-2.9999,-1.8052,-2.6240,-10.7524,-0.4381,0.0479,-6.8977,-1.1947,4.2760,-1.6424,-5.7772,12.5480,-2.8730,-6.1555,10.4267,-10.1179,-1.8268,6.8881,-5.2505,-7.0533,8.1475,-5.5569,-1.6376,7.5130,-10.9559,-2.4684,7.9248,3.4620,0.0790,2.0135,-11.2216,-7.8458,19.1967,-7.6854,-1.6879,10.5704,-6.1148,-1.0726,6.1028,-4.7908
-1.9058,8.2384,-10.9870,0.6105,1.5562,-7.3023,-1.6137,8.3127,-6.0573,-2.4086,9.1650,-8.2959,-5.7245,14.2910,6.4667,-1.0846,8.9759,-0.5531,-0.7590,2.8467,-7.3885,0.0862,4.0175,-13.1178,-1.5826,5.7221,0.2634,-1.5419,7.5274,-4.4053,-2.0997,9.7683,-5.5689,-2.7773,9.0190,4.8339,1.8411,-13.7379,-19.6133,-1.8076,1.0151,-7.7069,-1.7095,3.6655,-3.7517,4.0199,4.0749,-4.0127,-1.1372,8.1666,-4.6184,8.3486,-16.2710,-19.6133,2.1859,8.3558,-0.3615,-1.3934,4.7477,-11.6550,-1.4246,4.7142,-8.8346,-3.2298,8.9040,-6.8618,3.4740,0.6201,-19.5750,-0.7063,4.2473,-4.3527,-1.0511,4.6687,-3.7900,-2.9904,0.2227,-3.2202,-2.5833,10.3094,1.9297,1.9800,-13.4387,-19.6133,-2.3487,1.1109,-7.2257,4.9919,-4.4005,-19.6133,-4.4436,7.4939,-7.7093,0.1556,7.1706,-3.9265,-2.4349,2.9137,-6.1603,-3.8044,10.8673,0.8739,-0.1317,-3.8930,-18.9956,-1.1013,4.1922,-5.4731,9.4763,-9.6750,-19.4864,-2.8395,3.9217,-2.0542,-2.0662,5.7221,-4.4293,-3.9121,4.9416,-6.6415,-3.5578,12.4427,-1.8483,4.6400,-11.6981,-19.6133,-1.5347,8.2289,-5.8802,-1.4533,9.5385,-4.7884,2.0446,-0.3089,-8.2097,-1.4413,9.9695,-7.0605,-2.4445,2.8395,-4.2832,0.9026,4.8219,2.1572,0.9409,-3.3615,-17.4394,-0.8308,4.7190,-3.7517,-0.3089,5.4205,-3.5865,0.4166,1.7478,-6.8522,0.1484,5.5689,-5.3391,-2.0231,7.3765,-3.7373,-2.9233,19.6127,9.9790,-4.3958,8.6479,-4.9488,-5.5665,11.9399,-2.5881,-2.2266,7.9057,-10.4483,-0.3543,3.2058,-4.5753,-1.1971,10.1706,-4.1946,-2.1548,6.1411,-4.7070,0.4693,12.9215,10.1706,-4.2306,7.2401,-5.2481,-2.6384,9.2368,2.2146
-2.0183,9.1842,8.2384,-2.2745,10.4890,-7.1299,-0.6369,6.3470,-4.7788,-1.7023,7.8266,-6.0214,-3.3854,16.6900,-2.1739,-2.2170,9.3877,-6.3015,-1.8172,8.6957,-4.4580,1.2163,10.0628,5.1619,-0.6321,13.9702,-6.1818,0.9457,5.3989,-10.1634,-0.5219,5.3510,-16.0627,2.2649,4.3263,-10.8481,-6.7493,17.3580,-7.9751,-3.1819,8.5760,-5.2146,-3.1244,9.1770,-2.5307,-4.8171,14.1402,9.9048,-5.2912,14.4897,-4.0390,-1.8531,4.0989,-4.3694,-1.9944,8.6407,-4.1468,2.2505,3.2370,-8.2049,-1.0343,4.3790,-1.6281,-2.7581,6.7277,-4.1372,-5.3678,-5.5809,-19.6133,0.7135,1.9441,-7.1994,-1.6472,-3.3112,-5.5426,-0.2753,0.7374,-8.1834,0.6823,3.0789,-4.1300,-1.0127,0.5866,-16.8576,-1.4198,5.7269,-4.7022,-1.7190,8.1714,-1.8220,8.3270,-18.8400,-19.6133,-1.1636,8.8825,-2.3583,7.7285,-15.6150,-19.6133,-1.0367,1.7717,-4.4700,-0.1532,4.3958,-0.7326,-0.9720,13.3046,-4.3862,-4.9632,11.9183,-6.4404,-3.2370,9.5409,-4.7214,-7.3310,11.3796,3.6751,-6.2872,8.6215,-4.9392,-3.7637,9.0525,-4.6878,-2.5786,6.4955,-10.5177,-1.9561,3.5793,-12.8042,-2.0734,4.4388,-9.2201,0.0910,3.5027,-5.0949,-1.5371,7.5178,-2.8730,-1.7119,6.1986,-3.5793,-0.8739,2.1141,-6.9815,0.4453,0.2586,-13.8169,-0.8140,2.1117,-4.0725,-2.4517,6.2417,-8.7987,-3.1532,4.4915,-11.0923,-7.3310,11.6717,-5.3295,-3.2801,10.1586,-7.4843,-0.9816,8.0206,-3.9265,-5.9520,12.1099,9.2105,-5.1954,9.6247,-5.0781,-3.9265,3.6966,-2.4948,-2.3224,6.1004,-10.7380,-3.3543,3.2561,-9.8067,-6.7588,8.8131,0.6991,-4.0989,8.7580,-6.5170,-3.5650,10.2256,-4.9129,-6.1268,13.1944,6.3782
-1.7310,5.8849,-5.5474,-0.5028,8.3151,-7.8626,-1.0750,5.4348,-4.7453,-2.5379,2.3439,-1.5634,-0.7015,3.4596,-7.1754,0.5674,7.6710,-6.8067,-2.0446,3.1723,-9.4691,-0.2634,0.6680,-8.8346,-1.8100,3.1125,-6.7014,1.5634,2.6552,-4.2186,-0.3208,7.9176,-3.1149,-2.7940,11.6406,-5.3415,2.8084,-1.9896,-7.3215,5.9304,-7.1994,-19.3260,0.1437,3.7948,-8.0086,-1.1540,2.9832,-6.7157,0.2203,-1.4964,-6.6822,-6.5745,10.6805,-2.5235,-3.2202,8.7317,-7.6950,-1.5443,10.9152,-5.2625,-9.1459,19.6127,0.0072,0.2993,9.2129,-1.0774,-2.1069,2.2769,-4.5011,-3.2058,9.8450,-3.6129,4.1587,3.2298,-12.9766,-1.4844,3.8762,-2.4565,-3.2872,5.0518,-5.8945,-3.4740,-2.5762,-17.3364,-2.4732,10.7883,-1.9824,7.2880,-16.2518,-19.6133,-0.2658,0.0096,-12.5313,-1.7573,3.7014,-4.5753,0.6584,2.4780,-8.4803,0.1460,2.9449,0.3496,-2.1261,4.5418,-2.7773,-2.2745,7.9176,-3.5674,-0.6704,2.6959,-8.3845,-0.6680,4.6591,-1.5299,0.5411,3.8762,-2.3391,-2.8730,6.1435,-6.8187,-3.8164,19.6127,-14.3197,-5.9687,12.3804,-6.0789,-2.9544,9.2392,-6.5601,11.9495,-19.6133,-19.6133,0.2610,7.2185,-2.7821,-2.9832,11.1809,-7.0437,1.5419,7.4077,-15.2870,0.1508,0.4357,-12.2439,1.2498,4.4197,0.4741,-1.6233,8.2049,-4.1300,6.1531,-12.4379,-19.6133,0.8619,9.7564,-0.2682,3.8954,-1.7166,-17.6932,0.6512,6.2441,-10.6422,-0.5267,0.4812,-4.6112,0.0934,1.7909,-8.2361,-7.2018,8.7580,-3.8978,-0.3496,7.1108,-4.4436,-1.3120,8.5976,-2.8060,1.5179,-0.0718,-11.5520,-1.9441,1.9656,-11.1163,-1.6017,3.2178,-3.0622,-1.2210,8.5545,-5.3558,-1.4796,5.9137,-9.4332
-2.3056,5.6431,-7.1778,-1.3719,6.7684,1.0080,2.5402,-3.4884,-17.5615,0.1939,3.4165,-6.9671,-7.6543,7.4867,-1.4916,-2.2984,11.4275,-8.1163,-1.9369,8.0134,-5.4061,-8.0948,12.7731,2.9616,-1.1277,4.4867,-3.8906,-3.3184,9.7636,-4.6184,3.5147,-2.7533,-16.5607,-2.6839,17.5710,-16.4386,-1.8292,8.7652,-4.4365,-1.9130,5.8179,-3.3375,11.5712,-19.6133,-19.6133,-1.3048,3.9792,-4.4652,-1.8100,9.9383,-5.5115,1.0606,5.1715,-8.0972,1.1732,-0.4381,-8.7532,-5.4468,4.6328,-7.1228,-1.1133,9.8904,-5.4205,-0.4477,8.0613,-6.4284,0.9601,0.9409,-4.6424,-3.6655,1.5347,-11.0684,-2.1380,5.9664,-2.7509,-1.3024,4.5921,-6.8043,-1.5754,7.2281,-7.1419,-3.2753,13.4913,-6.7971,-1.9249,10.7763,-4.9201,-2.1691,5.9735,-3.4261,12.3373,-19.6133,-19.6133,-2.6528,7.2065,-5.4995,-0.3280,6.1627,-7.3095,0.4262,0.6416,-13.2687,0.9457,6.8426,-19.6133,-1.7957,6.2991,-7.2449,-2.2865,11.7029,-5.9711,-9.6510,16.3404,-2.3559,-2.8635,6.6056,-6.7564,-2.3200,9.9527,-4.9153,0.3735,5.4300,-9.9048,-2.6025,5.9903,-5.8179,3.6919,2.0399,-6.2513,-2.5355,9.7037,-6.8307,5.7197,-10.1203,-19.6133,-0.6177,3.4596,-5.6144,-2.7246,6.7229,-2.1620,0.0168,4.0079,-8.8298,0.7350,0.7159,-10.0149,-0.9409,3.7182,-7.0820,-3.6871,13.0340,-5.8419,-2.8778,12.1745,-6.7708,-1.8459,6.8331,-6.3877,0.3974,2.1165,1.3958,-0.8835,12.7755,-6.8953,-0.7374,3.7397,-10.3310,0.0838,6.2656,-11.5544,-2.9473,4.4652,-13.0795,2.9233,5.0685,-13.3070,0.5483,4.1204,1.2522,-0.7326,7.2520,-3.8547,9.4284,-18.3923,-19.6133,-1.2234,6.7181,-1.4868,-4.0845,10.4028,-2.4708
-0.7925,7.6950,-5.7365,-0.2370,6.8690,-3.4548,2.4636,4.9416,-9.2560,6.2058,-10.5034,-19.6133,0.8380,6.3518,-8.1642,-0.2514,5.0685,-7.3574,-0.9936,4.1779,-4.9871,-0.2634,7.8123,-8.2265,-0.5914,5.5617,-1.4246,0.0814,9.1554,-5.1451,7.4029,-15.9095,-19.6133,2.9066,6.9192,-8.1714,-2.6647,13.5177,-1.2091,-1.8148,9.0860,-12.2679,-0.4788,2.2649,-7.9152,-0.8021,5.3893,-5.7652,0.1030,3.5578,-7.6136,-0.8068,6.4548,-3.5075,-3.3854,11.7579,-10.2352,-1.9178,7.7907,-5.8251,-3.5937,12.6486,3.2729,2.3727,5.8251,-15.5312,-1.3455,4.1420,-5.3510,-0.9888,2.6695,-6.1818,-0.5698,5.0901,-4.9728,-1.1349,6.6655,-5.9711,-0.9074,3.5506,-5.7461,-1.4892,3.1915,-6.2752,1.9058,1.7430,-11.5472,-2.6719,6.7157,-7.7213,-0.8045,5.8203,-5.6575,-0.5842,6.7732,-5.3391,-0.4693,6.8570,-8.1570,-3.6775,10.2592,-5.1619,-0.3615,3.3974,-4.3886,0.4836,3.3112,-3.6057,0.0527,1.9393,-9.7061,-2.4636,6.7756,-6.0669,-1.5730,6.3973,-6.6822,-0.4310,4.5801,-7.7428,-1.5897,5.7820,-7.1778,-1.0175,5.3247,-7.9392,-0.7614,4.6376,-8.4491,-0.8356,4.5897,-8.3175,-0.7183,4.9656,-8.0780,-1.0965,5.0039,-8.0852,-0.8045,5.0302,-8.0349,-0.9146,4.8985,-8.1163,-0.8787,4.8650,-8.1786,-0.8380,5.0613,-8.1283,-0.8643,4.9177,-8.1834,-0.8452,4.8985,-8.2217,-0.9481,5.0063,-8.1259,-0.8667,4.9728,-8.2097,-0.9026,4.9321,-8.1570,-0.9218,4.9368,-7.9176,-0.9146,4.9249,-8.1930,-0.8811,4.9871,-8.1594,-0.8906,4.9488,-8.1307,-0.8882,4.9799,-8.1642,-0.8547,4.9871,-8.1930,-0.9481,5.0159,-8.1283,-0.8811,4.9129,-8.1259,-0.9146,4.9464,-8.1235
-0.9122,4.9656,-8.0445,-0.8835,4.9273,-8.1738,-0.8739,4.9680,-8.0637,-0.8428,4.9033,-8.1666,-0.8811,4.9560,-8.1714,-0.8308,4.9464,-8.0756,-0.8882,4.9512,-8.1427,-0.9050,4.9009,-8.1618,-0.8643,4.9249,-8.1211,-0.8523,4.9536,-8.2097,-0.8954,4.9392,-8.0756,-0.8954,4.9201,-8.1307,-0.9050,4.9392,-8.1523,-0.8835,4.9775,-8.1116,-0.8859,4.9560,-8.0876,-0.8906,4.8794,-8.0397,-0.8835,4.8794,-8.0948,-0.9002,4.9129,-8.1379,-0.8835,4.9129,-8.1307,-0.9146,4.9297,-8.1379,-0.8499,4.9297,-8.2073,-0.9050,4.9512,-8.1331,-0.9026,4.9225,-8.2313,-0.8595,4.8650,-8.1977,-0.8547,4.9464,-8.1020,-0.8332,4.9344,-8.1235,-0.8188,4.9871,-8.2145,-0.9098,4.8914,-8.1044,-0.9122,4.9488,-8.1235,-0.8691,4.8602,-8.1379,-0.9050,4.9536,-8.0972,-0.8882,4.9033,-8.0565,-0.8787,4.9608,-8.1930,-0.8835,4.9632,-8.1642,-0.8284,4.9273,-8.1283,-0.9002,4.9632,-8.1475,-0.8643,4.9632,-8.1594,-0.8859,4.9201,-8.0756,-0.8835,4.9105,-8.1020,-0.8954,4.9536,-8.1810,-0.8260,4.9344,-8.1139,-0.9050,4.9009,-8.0852,-0.8811,4.9488,-8.1044,-0.8978,4.9512,-8.1187,-0.8906,4.9704,-8.2169,-0.9792,4.9368,-8.2289,-0.8236,4.9368,-8.1211,-0.8643,4.9249,-8.1355,-0.8667,4.9297,-8.1642,-0.8763,4.9057,-8.1930,-0.8356,4.9464,-8.2001,-0.8212,4.9392,-8.1618,-0.8475,4.8866,-8.0972,-0.8715,4.9440,-8.0900,-0.8691,4.9225,-8.1642,-0.9194,5.0039,-8.1187,-0.8236,4.9392,-8.1116,-0.8499,4.9488,-8.0996,-0.8547,4.9297,-8.1427,-0.8739,5.0015,-8.1379,-0.8715,4.9081,-8.1379,-0.9266,4.9249,-8.1834,-0.8906,4.9392,-8.1714,-0.9026,4.9656,-8.0948
-0.9242,4.9297,-8.1307,-0.9002,4.9512,-8.1594,-0.8595,4.9775,-8.1762,-0.9050,4.9608,-8.1331,-0.9002,4.9177,-8.1906,-0.8906,4.9680,-8.1762,-0.9074,4.9129,-8.1139,-0.8619,4.9368,-8.1834,-0.8715,4.9344,-8.1523,-0.8475,4.9392,-8.0780,-0.8619,4.9608,-8.2097,-0.9385,4.8985,-8.0541,-0.9050,4.9967,-8.0517,-0.8739,4.9632,-8.0110,-0.9146,4.9392,-8.1235,-0.8715,4.9704,-8.1738,-0.8308,4.9129,-8.0828,-0.8571,4.9488,-8.1977,-0.8859,4.9464,-8.1139,-0.8835,4.9632,-8.0780,-0.8428,4.9512,-8.1690,-0.8547,4.9177,-8.2097,-0.8356,4.9464,-8.0613,-0.9553,4.8818,-8.1570,-0.8763,4.9799,-8.1977,-0.9457,5.0206,-8.1547,-0.8882,4.9297,-8.1355,-0.8667,4.9129,-8.0397,-0.8523,4.9105,-8.0996,-0.8428,4.9775,-8.1547,-0.8691,4.8961,-8.1738,-0.8954,4.9871,-8.2576,-0.8547,4.9871,-8.0780,-0.9194,4.9392,-8.1594,-0.8882,4.9416,-8.0685,-0.8643,4.9560,-8.0996,-0.8571,4.9177,-8.1475,-0.8452,4.9752,-8.0589,-0.9385,4.9464,-8.0373,-0.8523,4.9943,-8.1762,-0.9098,4.9392,-8.1475,-0.8643,4.9129,-8.1810,-0.8475,4.9512,-8.1403,-0.8571,4.9321,-8.1307,-0.9050,4.9201,-8.1427,-0.8882,4.9584,-8.1858,-0.8619,4.9488,-8.1139,-0.8667,4.9009,-8.1187,-0.8882,4.9752,-8.1116,-0.8547,4.9680,-8.1786,-0.8547,4.9081,-8.1977,-0.8835,4.9967,-8.1762,-0.9313,4.9512,-8.0900,-0.8978,4.8961,-8.1163,-0.8284,4.9225,-8.0804,-0.8308,4.9512,-8.1020,-0.8260,4.9081,-8.1977,-0.9026,4.9440,-8.1187,-0.8619,4.9656,-8.1331,-0.8667,4.9728,-8.1092,-0.8140,4.9536,-8.1523,-0.8787,4.9416,-8.1163,-0.9074,4.9632,-8.0972,-0.9481,4.9368,-8.0685
-0.8859,4.9728,-8.1307,-0.8643,4.9392,-8.1259,-0.9002,4.9153,-7.9966,-0.8787,4.9416,-8.1762,-0.8882,4.9608,-8.1475,-0.8308,4.9991,-8.1044,-0.8763,4.9560,-8.1499,-0.8691,4.9177,-8.2025,-0.8667,4.9488,-8.1906,-0.9481,4.9368,-8.1762,-0.8619,4.8842,-8.1666,-0.8619,4.9416,-8.1379,-0.8571,4.8937,-8.2217,-0.9050,4.9033,-8.1403,-0.8619,4.9153,-8.0996,-0.9050,4.9297,-8.0278,-0.8595,4.9440,-8.0996,-0.8882,4.9033,-8.2169,-0.8715,4.9177,-8.1738,-0.9122,4.9225,-8.1379,-0.8715,4.8746,-8.1211,-0.7829,4.9177,-8.0852,-0.8930,4.8914,-8.1044,-0.8930,4.9009,-8.1666,-0.8667,4.9943,-8.1211,-0.9337,4.8698,-8.1307,-0.8739,4.9536,-8.1451,-0.9002,4.9009,-8.1307,-0.8643,4.9728,-8.1666,-0.8882,4.9967,-8.1307,-0.8906,4.9297,-8.1235,-0.8571,4.9488,-8.1762,-0.8045,4.8914,-8.1570,-0.8954,4.9728,-8.0900,-0.8523,4.9823,-8.1977,-0.8954,4.9823,-8.1954,-0.8930,4.9680,-8.0924,-0.8715,4.8842,-8.1187,-0.8787,4.9847,-8.1020,-0.8667,4.9512,-8.1594,-0.8212,4.9225,-8.1762,-0.8859,4.9488,-8.0876,-0.8763,4.9416,-8.2193,-0.8691,4.9249,-8.1451,-0.9146,4.9991,-8.1116,-0.8308,4.9344,-8.1570,-0.8547,4.9560,-8.2145,-0.9002,4.8530,-8.1499,-0.9146,4.9536,-8.0780,-0.9337,4.9775,-8.1116,-0.9313,4.9967,-8.1020,-0.8212,4.9488,-8.1403,-0.8140,4.9632,-8.1259,-0.8763,4.9153,-8.0924,-0.8811,4.9344,-8.1738,-0.9242,4.9368,-8.0469,-0.8571,4.9560,-8.0421,-0.8882,4.9273,-8.1738,-0.8595,4.9321,-8.1044,-0.8308,4.9632,-8.1954,-0.8930,4.9344,-8.1259,-0.8643,4.9464,-8.1810,-0.8452,4.8842,-8.1044,-0.8523,4.9297,-8.0972
-0.8571,4.9752,-8.1163,-0.8859,4.8937,-8.1163,-0.8595,4.9344,-8.1834,-0.8643,4.9177,-8.1714,-0.8667,4.9273,-8.1187,-0.9337,4.9273,-8.0230,-0.9218,4.9297,-8.2648,-0.8859,4.9512,-8.1235,-0.8835,4.9560,-8.1403,-0.9385,4.9536,-8.0517,-0.9290,4.9344,-8.1427,-0.8811,4.9416,-8.1762,-0.8667,4.9608,-8.1810,-0.8978,4.9249,-8.0756,-0.8739,4.8818,-8.1786,-0.8954,4.9225,-8.1379,-0.8859,4.9297,-8.0780,-0.8475,4.9823,-8.1954,-0.8308,4.8890,-8.2169,-0.8428,4.9368,-8.1930,-0.9385,4.9560,-8.1139,-0.8571,4.9440,-8.1738,-0.8835,4.9560,-8.2049,-0.8164,4.9512,-8.1810,-0.8643,4.9177,-8.0732,-0.8954,4.9512,-8.0637,-0.8811,4.9560,-8.1379,-0.8835,4.9704,-8.0852,-0.8691,4.9512,-8.1211,-0.8164,4.9009,-8.0972,-0.8978,4.9177,-8.1116,-0.8787,4.9249,-8.0948,-0.8691,4.9728,-8.1810,-0.8978,4.9177,-8.1547,-0.8882,4.9608,-8.0948,-0.9266,4.9440,-8.1020,-0.8859,4.9129,-8.1283,-0.8859,4.9392,-8.1259,-0.8140,4.9680,-8.1618,-0.8380,4.9680,-8.1499,-0.8499,4.9752,-8.1570,-0.8954,4.9392,-8.0445,-0.9002,4.9153,-8.0254,-0.8835,4.9392,-8.0302,-0.9218,4.8602,-8.1068,-0.8547,4.9656,-8.1930,-0.9026,4.9273,-8.1594,-0.8811,4.9440,-8.0302,-0.8021,4.9249,-8.0756,-0.9026,4.9273,-8.0900,-0.8930,4.9560,-8.1379,-0.8811,4.9321,-8.2049,-0.8811,4.9297,-8.0661,-0.8499,4.9009,-8.0852,-0.9146,4.9632,-8.1570,-0.8643,4.9249,-8.2073,-0.8547,4.9177,-8.0948,-0.9122,4.9440,-8.1020,-0.8930,4.9129,-8.0038,-0.8380,4.9249,-8.1283,-0.8667,4.9512,-8.1163,-0.8739,5.0039,-8.0948,-0.8954,4.9464,-8.1116,-0.8667,4.9823,-8.1930
